"ID","Description","GeneRatio","BgRatio","RichFactor","FoldEnrichment","zScore","pvalue","p.adjust","qvalue","geneID","Count"
"GO:0001822","kidney development","26/545","225/18842",0.115555555555556,3.99504179408767,7.80008936978698,2.03038252285125e-09,4.50475405259837e-06,4.50475405259837e-06,"CD24/ASS1/ARG2/CTSH/HNF1B/NF1/POU3F3/HES1/HYAL2/EGR1/EPCAM/CTNNB1/PPP3CA/PAX2/VEGFA/NPNT/PROM1/CALB1/PKD2/TACSTD2/LRRK2/ID3/STAT1/PAX8/SOX4/HOXB7",26
"GO:0072080","nephron tubule development","15/545","74/18842",0.202702702702703,7.00793454004463,8.93701190571618,2.5942274770495e-09,4.50475405259837e-06,4.50475405259837e-06,"CD24/HNF1B/POU3F3/HES1/CTNNB1/PAX2/VEGFA/NPNT/PROM1/CALB1/PKD2/TACSTD2/STAT1/PAX8/HOXB7",15
"GO:0060993","kidney morphogenesis","14/545","64/18842",0.21875,7.56272935779817,9.07632620554365,3.08002270106384e-09,4.50475405259837e-06,4.50475405259837e-06,"HNF1B/HES1/PPP3CA/PAX2/VEGFA/NPNT/CALB1/PKD2/TACSTD2/LRRK2/STAT1/PAX8/SOX4/HOXB7",14
"GO:0072001","renal system development","26/545","231/18842",0.112554112554113,3.89127447476071,7.63081174334982,3.56574308523016e-09,4.50475405259837e-06,4.50475405259837e-06,"CD24/ASS1/ARG2/CTSH/HNF1B/NF1/POU3F3/HES1/HYAL2/EGR1/EPCAM/CTNNB1/PPP3CA/PAX2/VEGFA/NPNT/PROM1/CALB1/PKD2/TACSTD2/LRRK2/ID3/STAT1/PAX8/SOX4/HOXB7",26
"GO:0061326","renal tubule development","15/545","76/18842",0.197368421052632,6.82351521004346,8.77943233828066,3.83057317397821e-09,4.50475405259837e-06,4.50475405259837e-06,"CD24/HNF1B/POU3F3/HES1/CTNNB1/PAX2/VEGFA/NPNT/PROM1/CALB1/PKD2/TACSTD2/STAT1/PAX8/HOXB7",15
"GO:0062197","cellular response to chemical stress","29/545","301/18842",0.0963455149501661,3.3309031058551,7.03560053539335,1.59454232445633e-08,1.45847423576719e-05,1.45847423576719e-05,"SOD3/MGST1/FOXO3/PRKAA2/DNAJA1/NFAT5/PINK1/GPX3/GDF15/PLEKHA1/HSPA1B/MAP1LC3A/YBX3/RHOB/ERRFI1/KLF2/DDIT3/PKD2/LRRK2/HSPA1A/FXYD2/MET/FOS/PAM/AKR1B1/FOXP1/MSRA/HIF1A/MYLK",29
"GO:0072073","kidney epithelium development","17/545","110/18842",0.154545454545455,5.34301918265221,7.88417576310955,1.73627885210379e-08,1.45847423576719e-05,1.45847423576719e-05,"CD24/ARG2/HNF1B/POU3F3/HES1/EPCAM/CTNNB1/PAX2/VEGFA/NPNT/PROM1/CALB1/PKD2/TACSTD2/STAT1/PAX8/HOXB7",17
"GO:0072009","nephron epithelium development","15/545","90/18842",0.166666666666667,5.76207951070336,7.81545706919158,4.25408457976661e-08,3.12675216612846e-05,3.12675216612846e-05,"CD24/HNF1B/POU3F3/HES1/CTNNB1/PAX2/VEGFA/NPNT/PROM1/CALB1/PKD2/TACSTD2/STAT1/PAX8/HOXB7",15
"GO:0009611","response to wounding","38/545","496/18842",0.0766129032258065,2.64869783959751,6.42201764360591,5.22069986760871e-08,3.41085724683769e-05,3.41085724683769e-05,"CD151/TMX1/MYL9/DSP/GRN/NF1/OCLN/F11R/SPP1/PHLDB2/IL6ST/APOE/ENG/DDR1/ITGA2/PPP3CA/ZFP36L2/ADGRG1/VEGFA/VAV3/DDIT3/SERPING1/PLCG2/CSRP1/SRSF6/CDKN1A/ITGAV/TFPI/KNG1/FOLR1/ZFP36/CLDN3/ERBB2/ARFGEF1/SERPINA1/HIF1A/TNFRSF12A/MYLK",38
"GO:0001763","morphogenesis of a branching structure","15/545","93/18842",0.161290322580645,5.57620597810003,7.63516216785507,6.69976608511598e-08,3.9394624580482e-05,3.9394624580482e-05,"CTSH/ENG/TGFBR2/CTNNB1/PAX2/VEGFA/NPNT/PKD2/TACSTD2/LRRK2/PKHD1/MET/PAX8/BTBD7/HOXB7",15
"GO:0061138","morphogenesis of a branching epithelium","14/545","81/18842",0.172839506172839,5.97548986295164,7.74480781494964,7.47296709232444e-08,3.99464059116979e-05,3.99464059116979e-05,"CTSH/ENG/TGFBR2/CTNNB1/PAX2/VEGFA/NPNT/PKD2/TACSTD2/PKHD1/MET/PAX8/BTBD7/HOXB7",14
"GO:0072006","nephron development","17/545","123/18842",0.138211382113821,4.77830983814425,7.2555290379958,9.46773317019062e-08,4.6391892533934e-05,4.6391892533934e-05,"CD24/HNF1B/POU3F3/HES1/EGR1/CTNNB1/PPP3CA/PAX2/VEGFA/NPNT/PROM1/CALB1/PKD2/TACSTD2/STAT1/PAX8/HOXB7",17
"GO:0072182","regulation of nephron tubule epithelial cell differentiation","6/545","10/18842",0.6,20.7434862385321,10.7779434475988,1.0841269408794e-07,4.90358954797758e-05,4.90358954797758e-05,"CD24/CTNNB1/PAX2/PROM1/STAT1/PAX8",6
"GO:0042060","wound healing","32/545","394/18842",0.0812182741116751,2.80791691892144,6.25910470725182,1.63427114097926e-07,6.86393879211288e-05,6.86393879211288e-05,"CD151/TMX1/MYL9/DSP/NF1/OCLN/F11R/PHLDB2/IL6ST/APOE/ENG/DDR1/ITGA2/PPP3CA/ADGRG1/VEGFA/VAV3/SERPING1/PLCG2/CSRP1/SRSF6/CDKN1A/ITGAV/TFPI/KNG1/CLDN3/ERBB2/ARFGEF1/SERPINA1/HIF1A/TNFRSF12A/MYLK",32
"GO:0048545","response to steroid hormone","28/545","317/18842",0.0883280757097792,3.05372037160304,6.36432157880395,1.77412922726476e-07,6.95458657087788e-05,6.95458657087788e-05,"ASS1/KLF9/FOXO3/HSPA8/LBH/CCND1/DUSP1/SPP1/IGFBP2/JUNB/CYBA/JUND/HSPA1B/ZFP36L2/ERRFI1/PCK1/GLB1/PAQR7/HSPA1A/JUN/TFPI/PER1/FAM107A/FOS/SCNN1A/ZFP36/FOXP1/FOSB",28
"GO:0031667","response to nutrient levels","35/545","461/18842",0.0759219088937093,2.62480845389958,6.09576683987214,2.20854642580242e-07,8.1164081148239e-05,8.1164081148239e-05,"ASS1/NUPR2/FOXO3/HSPA8/OGT/CCND1/PRKAA2/SPP1/IGFBP2/GAS6/APOE/SORL1/CYBA/GDF15/LAMP2/GABARAPL1/KL/MAP1LC3A/ITGA2/SEC22B/MT-CYB/PCK1/DDIT3/UPP1/LRRK2/ATF3/CDKN1A/FAM107A/FOS/PDK4/FOLR1/KLF10/ZFP36/RNF152/GABARAP",35
"GO:0048754","branching morphogenesis of an epithelial tube","13/545","77/18842",0.168831168831169,5.83691171214107,7.34005848587925,2.90570265104406e-07,9.77041621793494e-05,9.77041621793494e-05,"CTSH/ENG/TGFBR2/CTNNB1/PAX2/VEGFA/NPNT/PKD2/TACSTD2/PKHD1/MET/PAX8/HOXB7",13
"GO:0036293","response to decreased oxygen levels","26/545","287/18842",0.0905923344947735,3.13200140651472,6.28142585472935,2.99094374018417e-07,9.77041621793494e-05,9.77041621793494e-05,"CD24/FOXO3/LMNA/CCND1/NF1/DDAH1/NPEPPS/MDM4/PINK1/CYBA/ENG/JUND/EGR1/EPAS1/RGCC/ITPR2/MAP1LC3A/ITGA2/AGTRAP/MT-CYB/VEGFA/DDIT4/PLOD2/FOS/CLDN3/HIF1A",26
"GO:0048729","tissue morphogenesis","32/545","408/18842",0.0784313725490196,2.71156682856629,6.03218195027369,3.58451490942263e-07,0.000110931303512658,0.000110931303512658,"CD151/PERP/CTSH/DSP/PHLDB2/MDM4/HES1/ENG/PLXNB2/TGFBR2/DDR1/CTNNB1/ITGA2/WLS/MYO9A/PAX2/RHOB/VEGFA/NPNT/KDM6B/PKD2/TACSTD2/PKHD1/ITGAV/MET/STAT1/FOLR1/PAX8/FOXP1/BTBD7/HOXB7/MYLK",32
"GO:0022407","regulation of cell-cell adhesion","35/545","472/18842",0.0741525423728814,2.56363707044006,5.93762357171842,3.86788110773485e-07,0.000112270817478493,0.000112270817478493,"CD24/TMX1/HLA-DRB5/ASS1/ARG2/TWSG1/FOXO3/F11R/MYADM/IGFBP2/NFAT5/IL6ST/ARID1B/CEBPB/TGFBR2/HSPH1/EPCAM/RGCC/CTNNB1/PPP3CA/ZDHHC2/ADGRG1/VEGFA/PCK1/ETS1/CX3CL1/SMARCE1/CD47/PKHD1/SPINT2/CDH1/HLA-E/PLPP3/RAP1GAP/SOX4",35
"GO:0048732","gland development","23/545","236/18842",0.0974576271186441,3.36935157829264,6.32148750318367,4.00967205280332e-07,0.000112270817478493,0.000112270817478493,"PERP/ASS1/LBH/HNF1B/CCND1/NF1/CRIP1/ID2/HES1/CEBPB/DDR1/ELF3/ITGA2/WLS/VEGFA/PCK1/ARID5B/PKD2/CDH1/MET/RAP1GAP/PAX8/BTBD7",23
"GO:0050678","regulation of epithelial cell proliferation","27/545","312/18842",0.0865384615384615,2.99184897671136,6.12288744585609,4.42248362012343e-07,0.000116053901926476,0.000116053901926476,"HPN/CDKN1C/KLF9/GRN/EGFL7/NF1/NR4A1/APOE/CYBA/ENG/JUND/RGCC/SPARC/PAX2/VEGFA/ERRFI1/NME2/TACSTD2/PKHD1/SRSF6/LAMB1/STAT1/RAP1GAP/ZFP36/ERBB2/EMC10/HIF1A",27
"GO:0072160","nephron tubule epithelial cell differentiation","6/545","12/18842",0.5,17.2862385321101,9.73972144282292,4.5395233746751e-07,0.000116053901926476,0.000116053901926476,"CD24/CTNNB1/PAX2/PROM1/STAT1/PAX8",6
"GO:0030856","regulation of epithelial cell differentiation","17/545","139/18842",0.122302158273381,4.2282885618111,6.59301998880191,5.67599701852271e-07,0.000132724040784213,0.000132724040784213,"CD24/MAFF/BTG1/WFDC2/F11R/CEBPB/CTNNB1/PAX2/VEGFA/ERRFI1/PROM1/NME2/SRSF6/SPRY1/STAT1/ZFP36/PAX8",17
"GO:0001666","response to hypoxia","25/545","278/18842",0.0899280575539568,3.10903570721405,6.11407599695528,5.79937661961054e-07,0.000132724040784213,0.000132724040784213,"CD24/FOXO3/LMNA/CCND1/NF1/DDAH1/NPEPPS/MDM4/PINK1/CYBA/ENG/JUND/EGR1/EPAS1/RGCC/ITPR2/ITGA2/AGTRAP/MT-CYB/VEGFA/DDIT4/PLOD2/FOS/CLDN3/HIF1A",25
"GO:0050673","epithelial cell proliferation","29/545","356/18842",0.0814606741573034,2.81629728893928,5.97105045863248,5.8687501027033e-07,0.000132724040784213,0.000132724040784213,"HPN/CDKN1C/KLF9/GRN/EGFL7/NF1/ID2/NR4A1/APOE/CYBA/ENG/CEBPB/JUND/RGCC/SPARC/PAX2/VEGFA/ERRFI1/NME2/TACSTD2/PKHD1/SRSF6/LAMB1/STAT1/RAP1GAP/ZFP36/ERBB2/EMC10/HIF1A",29
"GO:2000696","regulation of epithelial cell differentiation involved in kidney development","6/545","13/18842",0.461538461538462,15.9565278757939,9.30998786839137,8.22436373977777e-07,0.000179108365888494,0.000179108365888494,"CD24/CTNNB1/PAX2/PROM1/STAT1/PAX8",6
"GO:0072170","metanephric tubule development","7/545","20/18842",0.35,12.1003669724771,8.57195202522148,9.10752009691284e-07,0.000184662821275336,0.000184662821275336,"POU3F3/HES1/PAX2/CALB1/PKD2/STAT1/PAX8",7
"GO:0072234","metanephric nephron tubule development","7/545","20/18842",0.35,12.1003669724771,8.57195202522148,9.10752009691284e-07,0.000184662821275336,0.000184662821275336,"POU3F3/HES1/PAX2/CALB1/PKD2/STAT1/PAX8",7
"GO:0035966","response to topologically incorrect protein","18/545","161/18842",0.111801242236025,3.86524588295629,6.30137110048347,1.01403100384611e-06,0.00019662203043999,0.00019662203043999,"CLU/PPP1R15B/HSF1/HSPA8/AMFR/PPP1R15A/DNAJB1/HERPUD1/DNAJA1/HSPH1/TRAM1/TMEM33/DDIT3/HSPA1A/ATF3/STT3B/DNAJC10/JKAMP",18
"GO:0006986","response to unfolded protein","17/545","145/18842",0.117241379310345,4.05332489718444,6.36988127777999,1.03661274551696e-06,0.00019662203043999,0.00019662203043999,"PPP1R15B/HSF1/HSPA8/AMFR/PPP1R15A/DNAJB1/HERPUD1/DNAJA1/HSPH1/TRAM1/TMEM33/DDIT3/HSPA1A/ATF3/STT3B/DNAJC10/JKAMP",17
"GO:0072243","metanephric nephron epithelium development","7/545","21/18842",0.333333333333333,11.5241590214067,8.32790924289913,1.33214871301683e-06,0.000244782326016842,0.000244782326016842,"POU3F3/HES1/PAX2/CALB1/PKD2/STAT1/PAX8",7
"GO:0070482","response to oxygen levels","26/545","312/18842",0.0833333333333333,2.88103975535168,5.7822630319166,1.47362609783611e-06,0.000262573377432616,0.000262573377432616,"CD24/FOXO3/LMNA/CCND1/NF1/DDAH1/NPEPPS/MDM4/PINK1/CYBA/ENG/JUND/EGR1/EPAS1/RGCC/ITPR2/MAP1LC3A/ITGA2/AGTRAP/MT-CYB/VEGFA/DDIT4/PLOD2/FOS/CLDN3/HIF1A",26
"GO:0045785","positive regulation of cell adhesion","32/545","437/18842",0.0732265446224256,2.53162303445091,5.59094189338614,1.60691999028204e-06,0.000273119445380747,0.000273119445380747,"CD24/HLA-DRB5/FOXO3/RRAS/F11R/MYADM/IGFBP2/NFAT5/IL6ST/ARID1B/TGFBR2/HSPH1/RIN2/CTNNB1/ITGA2/PPP3CA/ADGRG1/VEGFA/PCK1/ETS1/NPNT/CX3CL1/SMARCE1/CD47/ITGAV/LAMB1/HLA-E/PLPP3/NEDD9/JUP/ERBB2/SOX4",32
"GO:0097193","intrinsic apoptotic signaling pathway","25/545","294/18842",0.0850340136054422,2.93983648505274,5.78562827484023,1.62571098440921e-06,0.000273119445380747,0.000273119445380747,"CD24/MIF/CLU/PPP1R15A/CRIP1/HERPUD1/DNAJA1/PINK1/CEBPB/CTNNB1/YBX3/MCL1/DDIT4/DDIT3/IFI27/SELENOK/LRRK2/HSPA1A/CDKN1A/HIP1R/MUC1/CYCS/DNAJC10/IFI6/HIF1A",25
"GO:0060562","epithelial tube morphogenesis","19/545","184/18842",0.103260869565217,3.56998404467491,6.04598514962305,1.71944100987408e-06,0.000280842031612767,0.000280842031612767,"PERP/CTSH/HES1/ENG/PLXNB2/TGFBR2/CTNNB1/PAX2/RHOB/VEGFA/NPNT/PKD2/TACSTD2/PKHD1/MET/FOLR1/PAX8/FOXP1/HOXB7",19
"GO:0071356","cellular response to tumor necrosis factor","20/545","202/18842",0.099009900990099,3.42301753111091,5.97543558352445,1.78372921633427e-06,0.000283468318703933,0.000283468318703933,"ASS1/FOXO3/GAS6/HES1/HYAL2/CYBA/HSPA1B/YBX3/ZFP36L2/KLF2/NPNT/HSPA1A/ANXA4/NFKBIA/ADAM10/FOS/STAT1/ZFP36/ASAH1/FOXP1",20
"GO:0002009","morphogenesis of an epithelium","26/545","316/18842",0.0822784810126582,2.844570897689,5.70700621769125,1.86866411524225e-06,0.000287251594747634,0.000287251594747634,"CD151/PERP/CTSH/PHLDB2/HES1/ENG/PLXNB2/TGFBR2/DDR1/CTNNB1/MYO9A/PAX2/RHOB/VEGFA/NPNT/PKD2/TACSTD2/PKHD1/ITGAV/MET/STAT1/FOLR1/PAX8/FOXP1/BTBD7/HOXB7",26
"GO:0072207","metanephric epithelium development","7/545","22/18842",0.318181818181818,11.0003336113428,8.09983740621123,1.90524016924451e-06,0.000287251594747634,0.000287251594747634,"POU3F3/HES1/PAX2/CALB1/PKD2/STAT1/PAX8",7
"GO:0042594","response to starvation","20/545","206/18842",0.0970873786407767,3.35655117128351,5.86940957034231,2.4188039824395e-06,0.000355564185418606,0.000355564185418606,"NUPR2/FOXO3/HSPA8/PRKAA2/LAMP2/GABARAPL1/MAP1LC3A/SEC22B/PCK1/DDIT3/UPP1/LRRK2/ATF3/CDKN1A/FOS/PDK4/KLF10/ZFP36/RNF152/GABARAP",20
"GO:0001657","ureteric bud development","11/545","67/18842",0.164179104477612,5.67607832397645,6.61743200174434,3.1782006042132e-06,0.000455800476896918,0.000455800476896918,"ARG2/HES1/EPCAM/PAX2/VEGFA/NPNT/CALB1/PKD2/TACSTD2/PAX8/HOXB7",11
"GO:0031960","response to corticosteroid","16/545","142/18842",0.112676056338028,3.89549037343326,5.97730994560391,3.63096762775056e-06,0.000493633091034009,0.000493633091034009,"ASS1/KLF9/FOXO3/CCND1/DUSP1/IGFBP2/CYBA/ZFP36L2/ERRFI1/PCK1/GLB1/FAM107A/FOS/SCNN1A/ZFP36/FOSB",16
"GO:0072163","mesonephric epithelium development","11/545","68/18842",0.161764705882353,5.59260658391797,6.54780256252981,3.69385306215925e-06,0.000493633091034009,0.000493633091034009,"ARG2/HES1/EPCAM/PAX2/VEGFA/NPNT/CALB1/PKD2/TACSTD2/PAX8/HOXB7",11
"GO:0072164","mesonephric tubule development","11/545","68/18842",0.161764705882353,5.59260658391797,6.54780256252981,3.69385306215925e-06,0.000493633091034009,0.000493633091034009,"ARG2/HES1/EPCAM/PAX2/VEGFA/NPNT/CALB1/PKD2/TACSTD2/PAX8/HOXB7",11
"GO:1901655","cellular response to ketone","13/545","96/18842",0.135416666666667,4.68168960244648,6.24149695647101,3.86703599477041e-06,0.000505292703316667,0.000505292703316667,"ASS1/KLF9/FOXO3/PIM3/BTG2/SPP1/GAS6/CYBA/ERRFI1/PCK1/LRRK2/FOS/SCNN1A",13
"GO:0001656","metanephros development","11/545","69/18842",0.159420289855072,5.51155431458583,6.47954003211185,4.28121531354841e-06,0.000532803708991817,0.000532803708991817,"CTSH/NF1/POU3F3/HES1/EGR1/PAX2/CALB1/PKD2/ID3/STAT1/PAX8",11
"GO:0034101","erythrocyte homeostasis","14/545","112/18842",0.125,4.32155963302752,6.08474606354138,4.33346284429676e-06,0.000532803708991817,0.000532803708991817,"RPS17/SLC25A5/FOXO3/ID2/EPAS1/HSPA1B/GLUL/VEGFA/ETS1/HSPA1A/PTBP3/STAT1/ZFP36/HIF1A",14
"GO:0045639","positive regulation of myeloid cell differentiation","13/545","97/18842",0.134020618556701,4.63342476118415,6.19183818500966,4.34941803258626e-06,0.000532803708991817,0.000532803708991817,"HSF1/FOXO3/ID2/TRIB1/HSPA1B/PPP3CA/GLUL/ETS1/HSPA1A/SCIN/STAT1/NEDD9/HIF1A",13
"GO:0031669","cellular response to nutrient levels","21/545","233/18842",0.0901287553648069,3.1159743276765,5.60902168089552,4.45949383931867e-06,0.000535139260718241,0.000535139260718241,"NUPR2/FOXO3/HSPA8/OGT/PRKAA2/GAS6/LAMP2/GABARAPL1/MAP1LC3A/SEC22B/UPP1/LRRK2/ATF3/CDKN1A/FAM107A/FOS/PDK4/FOLR1/KLF10/RNF152/GABARAP",21
"GO:1901654","response to ketone","19/545","197/18842",0.0964467005076142,3.33440134121921,5.68444050233049,4.74514012091749e-06,0.000553357821230489,0.000553357821230489,"ASS1/KLF9/FOXO3/CCND1/PIM3/DUSP1/BTG2/SPP1/GAS6/CYBA/JUND/ERRFI1/PCK1/GLB1/LRRK2/FOS/SCNN1A/FOXP1/FOSB",19
"GO:0001570","vasculogenesis","10/545","57/18842",0.175438596491228,6.06534685337196,6.60999756304397,4.7995321229175e-06,0.000553357821230489,0.000553357821230489,"DSP/RRAS/ITGB8/EGFL7/ENG/TGFBR2/RIN2/RAMP2/VEGFA/ITGAV",10
"GO:0043065","positive regulation of apoptotic process","33/545","484/18842",0.0681818181818182,2.35721434528774,5.22057959155706,5.15249359270996e-06,0.000582628121637204,0.000582628121637204,"PERP/CLU/BTG1/CTSH/FOXO3/DUSP6/GRN/TIA1/PHLDA1/NF1/DUSP1/GADD45B/DNAJA1/HYAL2/TNFSF10/RGCC/CTNNB1/MCL1/RHOB/DDIT3/GADD45A/GADD45G/ID3/ATF3/SCIN/TSC22D1/TPD52L1/ITM2C/KNG1/CTSD/GSN/SOX4/TNFRSF12A",33
"GO:0007162","negative regulation of cell adhesion","24/545","295/18842",0.0813559322033898,2.81267610013995,5.41570079500088,5.62301014034147e-06,0.000623835841985054,0.000623835841985054,"TMX1/ASS1/ARG2/TWSG1/PLXNB1/DUSP1/FZD4/MYADM/PHLDB2/CEBPB/PLXNB2/EPCAM/RGCC/VEGFA/CX3CL1/TACSTD2/SPINT2/CDH1/LAMB1/FAM107A/ADAM10/MUC1/HLA-E/KNG1",24
"GO:0034612","response to tumor necrosis factor","20/545","219/18842",0.091324200913242,3.1573038414813,5.54202951661715,6.15675383640048e-06,0.000665590309736808,0.000665590309736808,"ASS1/FOXO3/GAS6/HES1/HYAL2/CYBA/HSPA1B/YBX3/ZFP36L2/KLF2/NPNT/HSPA1A/ANXA4/NFKBIA/ADAM10/FOS/STAT1/ZFP36/ASAH1/FOXP1",20
"GO:2001233","regulation of apoptotic signaling pathway","25/545","317/18842",0.0788643533123028,2.72653604607415,5.3504025019899,6.22575969991912e-06,0.000665590309736808,0.000665590309736808,"MIF/CLU/SLC25A5/CTSH/HERPUD1/DNAJA1/PINK1/HYAL2/TNFSF10/HSPA1B/CTNNB1/YBX3/MCL1/CX3CL1/DDIT3/LRRK2/HSPA1A/ATF3/ITGAV/TPD52L1/ITM2C/MUC1/IFI6/HIF1A/TNFRSF12A",25
"GO:0001823","mesonephros development","11/545","74/18842",0.148648648648649,5.13915199603273,6.157132775258,8.61209708304174e-06,0.000904270193719383,0.000904270193719383,"ARG2/HES1/EPCAM/PAX2/VEGFA/NPNT/CALB1/PKD2/TACSTD2/PAX8/HOXB7",11
"GO:0009267","cellular response to starvation","17/545","171/18842",0.0994152046783626,3.43702988357744,5.5250396910003,9.97966731946356e-06,0.00102948147084993,0.00102948147084992,"NUPR2/FOXO3/HSPA8/PRKAA2/LAMP2/GABARAPL1/MAP1LC3A/SEC22B/UPP1/LRRK2/ATF3/CDKN1A/FOS/PDK4/KLF10/RNF152/GABARAP",17
"GO:0051384","response to glucocorticoid","14/545","122/18842",0.114754098360656,3.96733343359904,5.67484004776598,1.18430071864348e-05,0.00120063590096959,0.00120063590096959,"ASS1/KLF9/FOXO3/CCND1/DUSP1/IGFBP2/ZFP36L2/ERRFI1/PCK1/GLB1/FAM107A/FOS/ZFP36/FOSB",14
"GO:0040008","regulation of growth","32/545","482/18842",0.0663900414937759,2.2952681868362,4.97172572007772,1.22867047081565e-05,0.00122450548616881,0.00122450548616881,"BST2/HPN/SLC25A33/MT1X/ACSL4/BTG1/DUSP6/MT1M/AGRN/SPP1/APOE/SGK1/HYAL2/CYBA/GDF15/MT1E/HSPA1B/SOCS2/IGFBP5/VEGFA/SERTAD3/MT2A/EZR/HSPA1A/CDKN1A/CDH1/WWC1/FAM107A/ADAM10/JUP/ERBB2/FOXP1",32
"GO:0043542","endothelial cell migration","23/545","290/18842",0.0793103448275862,2.74195507750712,5.1594197763408,1.32882157910418e-05,0.00128233422519606,0.00128233422519606,"RRAS/GRN/NF1/NR4A1/APOE/MAP2K3/S100A2/RIN2/RGCC/SPARC/GLUL/RHOB/VEGFA/ETS1/GADD45A/ID1/ANXA3/MET/PLPP3/JUP/FOXP1/EMC10/HIF1A",23
"GO:0072017","distal tubule development","5/545","12/18842",0.416666666666667,14.4051987767584,8.01676223235209,1.33031271661497e-05,0.00128233422519606,0.00128233422519606,"POU3F3/PAX2/CALB1/PKD2/PAX8",5
"GO:0003382","epithelial cell morphogenesis","6/545","20/18842",0.3,10.3717431192661,7.23706996446455,1.56260187072671e-05,0.00146880864285714,0.00146880864285714,"RILPL2/COL18A1/PKHD1/SPINT2/MET/CLDN3",6
"GO:0030218","erythrocyte differentiation","13/545","109/18842",0.119266055045872,4.12332295261342,5.64399677646165,1.59102815165709e-05,0.00146880864285714,0.00146880864285714,"SLC25A5/FOXO3/ID2/EPAS1/HSPA1B/GLUL/VEGFA/ETS1/HSPA1A/PTBP3/STAT1/ZFP36/HIF1A",13
"GO:0031333","negative regulation of protein-containing complex assembly","15/545","142/18842",0.105633802816901,3.65202222509368,5.47470610417502,1.59870328474246e-05,0.00146880864285714,0.00146880864285714,"CAPG/CLU/HSF1/HSPA8/OGT/VPS35/MYADM/CAPZA1/SORL1/LAMP2/ZDHHC12/SCIN/HIP1R/ARFGEF1/GSN",15
"GO:0010594","regulation of endothelial cell migration","20/545","234/18842",0.0854700854700855,2.95491256959147,5.19332738185039,1.64505651277246e-05,0.00148814343001571,0.00148814343001571,"RRAS/GRN/NF1/APOE/MAP2K3/RIN2/RGCC/SPARC/GLUL/RHOB/VEGFA/ETS1/GADD45A/ANXA3/MET/PLPP3/JUP/FOXP1/EMC10/HIF1A",20
"GO:0072028","nephron morphogenesis","9/545","53/18842",0.169811320754717,5.87079799203739,6.12839150367717,1.89084178995929e-05,0.00163502201837656,0.00163502201837656,"HES1/PAX2/VEGFA/NPNT/PKD2/TACSTD2/STAT1/PAX8/HOXB7",9
"GO:0072088","nephron epithelium morphogenesis","9/545","53/18842",0.169811320754717,5.87079799203739,6.12839150367717,1.89084178995929e-05,0.00163502201837656,0.00163502201837656,"HES1/PAX2/VEGFA/NPNT/PKD2/TACSTD2/STAT1/PAX8/HOXB7",9
"GO:0140467","integrated stress response signaling","9/545","53/18842",0.169811320754717,5.87079799203739,6.12839150367717,1.89084178995929e-05,0.00163502201837656,0.00163502201837656,"PPP1R15B/PPP1R15A/JUNB/CEBPB/CEBPD/TMEM33/DDIT3/JUN/FOS",9
"GO:1903706","regulation of hemopoiesis","27/545","382/18842",0.0706806282722513,2.44360439982708,4.91953791491614,1.97339454597626e-05,0.00168167535222325,0.00168167535222325,"HSF1/FOXO3/ID2/TRIB1/GAS6/JUNB/ARID1B/CEBPB/TGFBR2/HSPA1B/TMEM176A/PPP3CA/GLUL/ZFP36L2/TMEM176B/PCK1/ETS1/SMARCE1/HSPA1A/SCIN/TSC22D1/STAT1/ZFP36/NEDD9/FOXP1/SOX4/HIF1A",27
"GO:0002262","myeloid cell homeostasis","14/545","128/18842",0.109375,3.78136467889908,5.44928960501331,2.05576773243615e-05,0.00170974820594198,0.00170974820594198,"RPS17/SLC25A5/FOXO3/ID2/EPAS1/HSPA1B/GLUL/VEGFA/ETS1/HSPA1A/PTBP3/STAT1/ZFP36/HIF1A",14
"GO:0043434","response to peptide hormone","29/545","427/18842",0.0679156908665105,2.3480136647831,4.8627579490301,2.0644918813245e-05,0.00170974820594198,0.00170974820594198,"SLC25A33/ASS1/BTG1/OGT/BTG2/NR4A1/SORL1/CYBA/GDF15/JUND/EGR1/KL/SOCS2/IGFBP5/PPP3CA/AGTRAP/MT-CYB/ERRFI1/PCK1/KLF2/SORT1/SRSF6/TBC1D4/FOS/PDK4/STAT1/SCNN1A/CTSD/SIK2",29
"GO:0034599","cellular response to oxidative stress","20/545","238/18842",0.0840336134453782,2.90525017346388,5.10502184508067,2.10493636640998e-05,0.00171903136590149,0.00171903136590149,"SOD3/MGST1/FOXO3/PRKAA2/PINK1/GPX3/PLEKHA1/HSPA1B/MAP1LC3A/RHOB/KLF2/PKD2/LRRK2/HSPA1A/MET/FOS/PAM/FOXP1/MSRA/HIF1A",20
"GO:1905146","lysosomal protein catabolic process","6/545","21/18842",0.285714285714286,9.8778505897772,7.02516313496378,2.13435667049672e-05,0.00171918044144119,0.00171918044144119,"CTSH/VPS35/SORL1/LAMP2/VPS13A/LAPTM4B",6
"GO:0060675","ureteric bud morphogenesis","8/545","42/18842",0.19047619047619,6.58523372651813,6.25384847244753,2.30769724577515e-05,0.00183368375745377,0.00183368375745377,"HES1/PAX2/VEGFA/NPNT/PKD2/TACSTD2/PAX8/HOXB7",8
"GO:0038066","p38MAPK cascade","9/545","55/18842",0.163636363636364,5.65731442869058,5.96964448945331,2.5772089748843e-05,0.00202053183630929,0.00202053183630929,"DUSP1/GADD45B/MAP2K3/MAP1LC3A/EZR/GADD45A/GADD45G/PER1/ZFP36",9
"GO:0072593","reactive oxygen species metabolic process","18/545","204/18842",0.0882352941176471,3.05051268213708,5.08204108341154,2.82768727186995e-05,0.00217698629403386,0.00217698629403386,"SLC25A33/ARG2/SOD3/FOXO3/PINK1/GPX3/CYBA/TGFBR2/PAX2/AKR1C1/GADD45A/TP53I3/DCXR/LRRK2/PLCG2/CDKN1A/IFI6/HIF1A",18
"GO:0090083","regulation of inclusion body assembly","6/545","22/18842",0.272727272727273,9.42885738115096,6.82700967396016,2.86329391558632e-05,0.00217698629403386,0.00217698629403386,"CLU/DNAJB1/APOE/SORL1/HSPA1B/HSPA1A",6
"GO:0045648","positive regulation of erythrocyte differentiation","7/545","32/18842",0.21875,7.56272935779817,6.41247031859734,2.92486253790263e-05,0.00217698629403386,0.00217698629403386,"FOXO3/HSPA1B/GLUL/ETS1/HSPA1A/STAT1/HIF1A",7
"GO:0090183","regulation of kidney development","7/545","32/18842",0.21875,7.56272935779817,6.41247031859734,2.92486253790263e-05,0.00217698629403386,0.00217698629403386,"PPP3CA/PAX2/VEGFA/TACSTD2/STAT1/PAX8/HOXB7",7
"GO:0048844","artery morphogenesis","9/545","56/18842",0.160714285714286,5.55629095674967,5.89316479765118,2.99294424477241e-05,0.00219981401990772,0.00219981401990772,"NF1/HES1/ENG/TGFBR2/VEGFA/PKD2/FOLR1/SOX4/MYLK",9
"GO:0060840","artery development","10/545","70/18842",0.142857142857143,4.9389252948886,5.69812239029356,3.14910206500554e-05,0.00227369828691455,0.00227369828691455,"NF1/HES1/ENG/TGFBR2/VEGFA/DDIT3/PKD2/FOLR1/SOX4/MYLK",10
"GO:0010595","positive regulation of endothelial cell migration","14/545","133/18842",0.105263157894737,3.63920811202318,5.27150293051526,3.17080373345227e-05,0.00227369828691455,0.00227369828691455,"RRAS/GRN/MAP2K3/RIN2/SPARC/RHOB/VEGFA/ETS1/ANXA3/MET/PLPP3/FOXP1/EMC10/HIF1A",14
"GO:0045646","regulation of erythrocyte differentiation","8/545","44/18842",0.181818181818182,6.28590492076731,6.05829120162176,3.29357533846042e-05,0.00227837917531144,0.00227837917531144,"FOXO3/HSPA1B/GLUL/ETS1/HSPA1A/STAT1/ZFP36/HIF1A",8
"GO:0061005","cell differentiation involved in kidney development","8/545","44/18842",0.181818181818182,6.28590492076731,6.05829120162176,3.29357533846042e-05,0.00227837917531144,0.00227837917531144,"CD24/POU3F3/HES1/CTNNB1/PAX2/PROM1/STAT1/PAX8",8
"GO:0072171","mesonephric tubule morphogenesis","8/545","44/18842",0.181818181818182,6.28590492076731,6.05829120162176,3.29357533846042e-05,0.00227837917531144,0.00227837917531144,"HES1/PAX2/VEGFA/NPNT/PKD2/TACSTD2/PAX8/HOXB7",8
"GO:0045926","negative regulation of growth","17/545","189/18842",0.0899470899470899,3.10969370418912,5.03079065713029,3.67458251983082e-05,0.00251238897867503,0.00251238897867503,"BST2/MT1X/BTG1/MT1M/SPP1/HYAL2/GDF15/MT1E/HSPA1B/IGFBP5/SERTAD3/MT2A/HSPA1A/CDKN1A/CDH1/WWC1/FOXP1",17
"GO:0034976","response to endoplasmic reticulum stress","21/545","269/18842",0.0780669144981413,2.69896661096143,4.84373345572414,3.94875432892021e-05,0.00266881327058056,0.00266881327058056,"TMX1/CLU/PPP1R15B/AMFR/PPP1R15A/HERPUD1/MARCKS/CEBPB/PDIA4/MAN1A1/TMEM33/DDIT3/SELENOK/LRRK2/HSPA1A/JUN/ATF3/STT3B/SIK2/DNAJC10/JKAMP",21
"GO:0006979","response to oxidative stress","27/545","400/18842",0.0675,2.33364220183486,4.65292013953016,4.40242106138516e-05,0.00294161770919827,0.00294161770919827,"SOD3/MGST1/BTG1/FOXO3/DUSP1/PRKAA2/APOE/PINK1/GPX3/HYAL2/PLEKHA1/HSPA1B/MAP1LC3A/RHOB/KLF2/NCOA7/PKD2/SELENOK/LRRK2/HSPA1A/MET/OXR1/FOS/PAM/FOXP1/MSRA/HIF1A",27
"GO:2000377","regulation of reactive oxygen species metabolic process","14/545","139/18842",0.100719424460432,3.48211999207973,5.06914620829489,5.18240566355522e-05,0.00342388149457356,0.00342388149457356,"SLC25A33/ARG2/FOXO3/PINK1/CYBA/TGFBR2/PAX2/AKR1C1/GADD45A/DCXR/LRRK2/PLCG2/CDKN1A/HIF1A",14
"GO:0071384","cellular response to corticosteroid stimulus","9/545","60/18842",0.15,5.18587155963303,5.60468084709489,5.27101083180827e-05,0.0034437270767814,0.0034437270767814,"ASS1/KLF9/FOXO3/ZFP36L2/ERRFI1/PCK1/FAM107A/SCNN1A/ZFP36",9
"GO:1901342","regulation of vasculature development","25/545","362/18842",0.069060773480663,2.38760200719753,4.60074860485602,5.80864969308689e-05,0.00371869059259411,0.00371869059259411,"BTG1/RRAS/GRN/ITGB8/S100A1/NF1/DDAH1/RGCC/CTNNB1/SPARC/GLUL/RAMP2/RHOB/VEGFA/KLF2/ETS1/GADD45A/ANXA3/ADAM10/STAT1/JUP/ERBB2/EMC10/HIF1A/TNFRSF12A",25
"GO:0009612","response to mechanical stimulus","17/545","196/18842",0.086734693877551,2.99863321475379,4.85432197013193,5.81835943058942e-05,0.00371869059259411,0.00371869059259411,"HPN/BTG2/F11R/MAP3K1/IGFBP2/CYBA/JUND/CTNNB1/ITGA2/GADD45A/CALB1/PKD2/RCAN1/FOS/JUP/GSN/FOSB",17
"GO:0003338","metanephros morphogenesis","6/545","25/18842",0.24,8.29739449541284,6.3011949824046,6.31237359123047e-05,0.00390702702278265,0.00390702702278265,"HES1/PAX2/CALB1/PKD2/STAT1/PAX8",6
"GO:0007039","protein catabolic process in the vacuole","6/545","25/18842",0.24,8.29739449541284,6.3011949824046,6.31237359123047e-05,0.00390702702278265,0.00390702702278265,"CTSH/VPS35/SORL1/LAMP2/VPS13A/LAPTM4B",6
"GO:0071280","cellular response to copper ion","6/545","25/18842",0.24,8.29739449541284,6.3011949824046,6.31237359123047e-05,0.00390702702278265,0.00390702702278265,"MT1X/HSF1/MT1M/MT1E/MAP1LC3A/MT2A",6
"GO:0072657","protein localization to membrane","28/545","432/18842",0.0648148148148148,2.24080869860686,4.50277338554342,6.50413847402274e-05,0.00398378481533893,0.00398378481533893,"CD24/ATP1B3/OGT/VPS35/AGRN/RILPL2/F11R/MYADM/TMED2/GAS6/APOE/SORL1/TM9SF2/KRT18/MESD/RAMP2/ZDHHC2/EZR/PIGR/CDH1/LAMB1/ATP2C1/ADAM10/VAMP5/JUP/ERBB2/GSN/GABARAP",28
"GO:0000302","response to reactive oxygen species","16/545","179/18842",0.0893854748603352,3.09027727948337,4.84953356230221,6.66594669598786e-05,0.0040408006775679,0.0040408006775679,"SOD3/FOXO3/DUSP1/APOE/PINK1/HYAL2/PLEKHA1/MAP1LC3A/RHOB/KLF2/PKD2/LRRK2/MET/FOS/FOXP1/HIF1A",16
"GO:0003158","endothelium development","13/545","125/18842",0.104,3.5955376146789,5.02486612197474,6.84465065919977e-05,0.00410679039551986,0.00410679039551986,"BTG1/DSP/F11R/MYADM/COL18A1/CTNNB1/RHOB/VEGFA/KDM6B/EZR/MET/CLDN3/FOXP1",13
"GO:0034109","homotypic cell-cell adhesion","11/545","92/18842",0.119565217391304,4.13366573593937,5.20003454187096,6.93290476736461e-05,0.00411772525576807,0.00411772525576807,"TMX1/MYL9/DSP/F11R/IL6ST/CTNNB1/ADGRG1/CSRP1/CXADR/PLPP3/JUP",11
"GO:2001234","negative regulation of apoptotic signaling pathway","17/545","199/18842",0.085427135678392,2.95342768890323,4.78108274123897,7.03348475241496e-05,0.00413568903442,0.00413568903442,"MIF/CLU/SLC25A5/HERPUD1/DNAJA1/PINK1/HSPA1B/CTNNB1/YBX3/MCL1/CX3CL1/LRRK2/HSPA1A/ITGAV/MUC1/IFI6/HIF1A",17
"GO:0060688","regulation of morphogenesis of a branching structure","7/545","37/18842",0.189189189189189,6.54073890404166,5.82226757409605,7.89356485259301e-05,0.00459546151814326,0.00459546151814326,"CTNNB1/VEGFA/TACSTD2/LRRK2/PAX8/BTBD7/HOXB7",7
"GO:1905330","regulation of morphogenesis of an epithelium","8/545","50/18842",0.16,5.53159633027523,5.53745230500306,8.56850400436771e-05,0.00493949054369433,0.00493949054369433,"CTNNB1/PAX2/VEGFA/TACSTD2/PAX8/FOXP1/BTBD7/HOXB7",8
"GO:0001658","branching involved in ureteric bud morphogenesis","7/545","38/18842",0.184210526315789,6.36861419604056,5.71727595002571,9.43696511823031e-05,0.00538731600924216,0.00538731600924216,"PAX2/VEGFA/NPNT/PKD2/TACSTD2/PAX8/HOXB7",7
"GO:0071385","cellular response to glucocorticoid stimulus","8/545","51/18842",0.156862745098039,5.42313365713258,5.45884152614252,9.90841673606057e-05,0.00549688221312322,0.00549688221312322,"ASS1/KLF9/FOXO3/ZFP36L2/ERRFI1/PCK1/FAM107A/ZFP36",8
"GO:0072078","nephron tubule morphogenesis","8/545","51/18842",0.156862745098039,5.42313365713258,5.45884152614252,9.90841673606057e-05,0.00549688221312322,0.00549688221312322,"HES1/PAX2/VEGFA/NPNT/PKD2/TACSTD2/PAX8/HOXB7",8
"GO:0045765","regulation of angiogenesis","24/545","352/18842",0.0681818181818182,2.35721434528774,4.43620492241604,9.90934548624254e-05,0.00549688221312322,0.00549688221312322,"BTG1/RRAS/GRN/ITGB8/S100A1/NF1/DDAH1/RGCC/CTNNB1/SPARC/GLUL/RAMP2/RHOB/VEGFA/KLF2/ETS1/GADD45A/ANXA3/STAT1/JUP/ERBB2/EMC10/HIF1A/TNFRSF12A",24
"GO:0071383","cellular response to steroid hormone stimulus","17/545","205/18842",0.0829268292682927,2.86698590288655,4.63863551232618,0.000101512910286759,0.00557846647183309,0.00557846647183309,"ASS1/KLF9/FOXO3/HSPA8/LBH/HSPA1B/ZFP36L2/ERRFI1/PCK1/PAQR7/HSPA1A/TFPI/PER1/FAM107A/SCNN1A/ZFP36/FOXP1",17
"GO:0007041","lysosomal transport","13/545","131/18842",0.099236641221374,3.4308565025562,4.81844329921194,0.000110921651015583,0.00603906766640397,0.00603906766640397,"CLU/AP1G1/TMEM106B/HSPA8/GRN/VPS35/PINK1/SORL1/LAMP2/RHOB/SORT1/LRRK2/HSPA1A",13
"GO:0046688","response to copper ion","7/545","39/18842",0.179487179487179,6.20531639614209,5.61598766016956,0.000112173151627371,0.00605117551898111,0.00605117551898111,"MT1X/HSF1/MT1M/MT1E/MAP1LC3A/MT-CYB/MT2A",7
"GO:0001885","endothelial cell development","8/545","52/18842",0.153846153846154,5.31884262526464,5.38227573130234,0.000114171142232769,0.00610296651207893,0.00610296651207893,"DSP/F11R/MYADM/COL18A1/VEGFA/EZR/MET/CLDN3",8
"GO:0042176","regulation of protein catabolic process","26/545","401/18842",0.0648379052369077,2.24160699169507,4.33734915178921,0.000117072411837405,0.0062016737081436,0.0062016737081436,"TIPARP/TMX1/CLU/CTSC/OGT/VPS35/XPO1/TRIB1/HERPUD1/APOE/MDM4/PINK1/SORL1/HSPA1B/HMGCR/SEC22B/ZDHHC2/PPP2R3A/EZR/LRRK2/HSPA1A/TIMP3/LAPTM4B/CDH1/SIK2/GABARAP",26
"GO:2000146","negative regulation of cell motility","25/545","380/18842",0.0657894736842105,2.27450507001449,4.33165913830693,0.000125605796571243,0.00651644742459302,0.00651644742459302,"BST2/MIF/FOXO3/OGT/NF1/TRIB1/DUSP1/PHLDB2/APOE/HYAL2/ENG/GDF15/RGCC/IGFBP5/RHOB/ADGRG1/CX3CL1/GADD45A/TACSTD2/SPINT2/RBBP4/CDH1/NEDD9/JUP/CLDN3",25
"GO:0060674","placenta blood vessel development","4/545","10/18842",0.4,13.8289908256881,7.00332939879568,0.00012653859452366,0.00651644742459302,0.00651644742459302,"ITGB8/TMED2/HES1/PKD2",4
"GO:0045637","regulation of myeloid cell differentiation","16/545","189/18842",0.0846560846560847,2.92677054511917,4.59459078707591,0.000126755837912684,0.00651644742459302,0.00651644742459302,"HSF1/FOXO3/ID2/TRIB1/CEBPB/HSPA1B/PPP3CA/GLUL/ETS1/HSPA1A/SCIN/STAT1/ZFP36/NEDD9/FOXP1/HIF1A",16
"GO:0090559","regulation of membrane permeability","9/545","67/18842",0.134328358208955,4.64406408325346,5.15695944554286,0.000127447526161258,0.00651644742459302,0.00651644742459302,"SLC25A5/SLC25A4/LAPTM4A/F11R/LRRK2/HSPA1A/LAPTM4B/HIP1R/CLDN3",9
"GO:0032640","tumor necrosis factor production","16/545","191/18842",0.0837696335078534,2.89612373312839,4.54561425828516,0.000143281626940267,0.00720082022571601,0.00720082022571601,"MIF/ARG2/CLU/GAS6/CYBA/ERRFI1/CX3CL1/SELENOK/LRRK2/CD47/PLCG2/ADAM10/HLA-E/ZFP36/ZBTB20/FOXP1",16
"GO:0032680","regulation of tumor necrosis factor production","16/545","191/18842",0.0837696335078534,2.89612373312839,4.54561425828516,0.000143281626940267,0.00720082022571601,0.00720082022571601,"MIF/ARG2/CLU/GAS6/CYBA/ERRFI1/CX3CL1/SELENOK/LRRK2/CD47/PLCG2/ADAM10/HLA-E/ZFP36/ZBTB20/FOXP1",16
"GO:0061333","renal tubule morphogenesis","8/545","54/18842",0.148148148148148,5.12184845395855,5.23490622363783,0.000150061803723185,0.00747765598213839,0.00747765598213839,"HES1/PAX2/VEGFA/NPNT/PKD2/TACSTD2/PAX8/HOXB7",8
"GO:0070841","inclusion body assembly","6/545","29/18842",0.206896551724138,7.152926289149,5.72284476272675,0.000153460547830382,0.00758275648103063,0.00758275648103063,"CLU/DNAJB1/APOE/SORL1/HSPA1B/HSPA1A",6
"GO:0030336","negative regulation of cell migration","24/545","365/18842",0.0657534246575342,2.27325876586653,4.23943186219243,0.000171960582136317,0.00842606852467953,0.00842606852467953,"BST2/MIF/FOXO3/OGT/NF1/TRIB1/DUSP1/PHLDB2/APOE/HYAL2/ENG/GDF15/RGCC/IGFBP5/RHOB/ADGRG1/CX3CL1/GADD45A/TACSTD2/RBBP4/CDH1/NEDD9/JUP/CLDN3",24
"GO:0009636","response to toxic substance","19/545","256/18842",0.07421875,2.56592603211009,4.35370042316579,0.000176411496316234,0.0085435293491758,0.0085435293491758,"ASS1/MT1X/PTPN13/SOD3/MGST1/ABCB1/MT1M/APOE/PINK1/GPX3/MT1E/PON2/MT-CYB/SUCLG1/MT2A/KDM6B/SELENOF/CDH1/FOS",19
"GO:2001243","negative regulation of intrinsic apoptotic signaling pathway","11/545","102/18842",0.107843137254902,3.72840438927865,4.7685277467033,0.00017726370418358,0.0085435293491758,0.0085435293491758,"MIF/CLU/HERPUD1/DNAJA1/PINK1/CTNNB1/YBX3/LRRK2/HSPA1A/MUC1/HIF1A",11
"GO:0040013","negative regulation of locomotion","25/545","389/18842",0.06426735218509,2.22188155939718,4.20272237503712,0.000180557820530713,0.00857232999221658,0.00857232999221658,"BST2/MIF/FOXO3/OGT/NF1/TRIB1/DUSP1/PHLDB2/APOE/HYAL2/ENG/GDF15/RGCC/IGFBP5/RHOB/ADGRG1/CX3CL1/GADD45A/TACSTD2/SPINT2/RBBP4/CDH1/NEDD9/JUP/CLDN3",25
"GO:0045732","positive regulation of protein catabolic process","17/545","215/18842",0.0790697674418605,2.73363772135694,4.41231391226682,0.000180777027046744,0.00857232999221658,0.00857232999221658,"TIPARP/TMX1/CLU/CTSC/VPS35/TRIB1/HERPUD1/APOE/SORL1/HSPA1B/SEC22B/PPP2R3A/EZR/LRRK2/HSPA1A/SIK2/GABARAP",17
"GO:0016055","Wnt signaling pathway","27/545","436/18842",0.0619266055045872,2.14095614847235,4.15999463689861,0.000184895821750089,0.00869749945512419,0.00869749945512419,"CD24/NDRG2/AMFR/VPS35/PRKAA2/FZD4/IGFBP2/APOE/EGR1/CTNNB1/WLS/MESD/BICC1/TAX1BP3/RNF213/DDIT3/PPP2R3A/PKD2/ATP6V0C/LRRK2/IGFBP4/PLCG2/DCDC2/TBL1XR1/FOLR1/JUP/SOX4",27
"GO:0007266","Rho protein signal transduction","13/545","138/18842",0.0942028985507246,3.25682754952799,4.59230741790125,0.00018762495245696,0.00875583111465811,0.00875583111465811,"PLXNB1/F11R/APOE/CDC42SE2/RHOB/ADGRG1/TAX1BP3/MYO6/LRRK2/EPS8L2/CDC42SE1/CTNNAL1/ERBB2",13
"GO:0071706","tumor necrosis factor superfamily cytokine production","16/545","196/18842",0.0816326530612245,2.82224302565063,4.42590180581244,0.000193059148004939,0.00885991525179445,0.00885991525179445,"MIF/ARG2/CLU/GAS6/CYBA/ERRFI1/CX3CL1/SELENOK/LRRK2/CD47/PLCG2/ADAM10/HLA-E/ZFP36/ZBTB20/FOXP1",16
"GO:1903555","regulation of tumor necrosis factor superfamily cytokine production","16/545","196/18842",0.0816326530612245,2.82224302565063,4.42590180581244,0.000193059148004939,0.00885991525179445,0.00885991525179445,"MIF/ARG2/CLU/GAS6/CYBA/ERRFI1/CX3CL1/SELENOK/LRRK2/CD47/PLCG2/ADAM10/HLA-E/ZFP36/ZBTB20/FOXP1",16
"GO:0009410","response to xenobiotic stimulus","24/545","368/18842",0.0652173913043478,2.25472676505784,4.19520206489405,0.000194375691748552,0.00885991525179445,0.00885991525179445,"ASS1/FOXO3/DUSP6/ABCB1/CCND1/UCHL1/XPO1/IGFBP2/GAS6/CMBL/COL18A1/CYBA/TGFBR2/CTNNB1/ITGA2/AGPAT2/MT-CYB/AKR1C1/VAV3/ABCD3/CDH1/FOS/UGT2B7/FOSB",24
"GO:0016236","macroautophagy","24/545","369/18842",0.0650406504065041,2.24861639442083,4.18055347279619,0.000202402552842738,0.00915482315934846,0.00915482315934846,"SPTLC2/TP53INP2/SLC25A5/SLC25A4/OGT/VPS35/UCHL1/SNX14/PRKAA2/RTN3/PINK1/LAMP2/GABARAPL1/VPS13A/VPS13C/MAP1LC3A/SEC22B/GAA/RNF213/ATP6V0C/LRRK2/VPS37B/CAPN1/GABARAP",24
"GO:0072273","metanephric nephron morphogenesis","5/545","20/18842",0.25,8.64311926605505,5.90218790370763,0.000214914330582658,0.00957345654413658,0.00957345654413658,"HES1/PAX2/PKD2/STAT1/PAX8",5
"GO:1902692","regulation of neuroblast proliferation","5/545","20/18842",0.25,8.64311926605505,5.90218790370763,0.000214914330582658,0.00957345654413658,0.00957345654413658,"NF1/CTNNB1/VEGFA/CX3CL1/LRRK2",5
"GO:0036294","cellular response to decreased oxygen levels","14/545","159/18842",0.0880503144654088,3.04411747735272,4.46726163507854,0.000219535029960855,0.00970575921932201,0.00970575921932201,"FOXO3/LMNA/CCND1/DDAH1/NPEPPS/MDM4/PINK1/JUND/EPAS1/RGCC/MAP1LC3A/VEGFA/FOS/HIF1A",14
"GO:0035751","regulation of lysosomal lumen pH","6/545","31/18842",0.193548387096774,6.69144717372004,5.47340892857363,0.00022647424570926,0.00993782511022723,0.00993782511022723,"GRN/LAMP2/ATP6V0C/LRRK2/RNASEK/CLN5",6
"GO:0001961","positive regulation of cytokine-mediated signaling pathway","8/545","58/18842",0.137931034482759,4.76861752609934,4.96092089939004,0.00024985898776872,0.0108827470228154,0.0108827470228154,"GAS6/HSPA1B/AGPAT2/EZR/HSPA1A/RBM47/ADAM10/HIF1A",8
"GO:0071474","cellular hyperosmotic response","5/545","21/18842",0.238095238095238,8.23154215814766,5.72241702702842,0.000275405194294436,0.0119072245768477,0.0119072245768477,"NFAT5/YBX3/ERRFI1/FXYD2/AKR1B1",5
"GO:0043409","negative regulation of MAPK cascade","14/545","163/18842",0.0858895705521472,2.96941520796983,4.35827429995342,0.000284066304128431,0.0121920428341253,0.0121920428341253,"DUSP6/UCHL1/NF1/TRIB1/DUSP1/DNAJA1/APOE/PINK1/ERRFI1/EZR/ATF3/SPRY1/PER1/MECOM",14
"GO:1903034","regulation of response to wounding","14/545","165/18842",0.0848484848484849,2.93342229635808,4.30502241656078,0.000322019789208595,0.0136016360929059,0.0136016360929059,"TMX1/GRN/OCLN/SPP1/PHLDB2/APOE/SERPING1/SRSF6/TFPI/KNG1/CLDN3/ARFGEF1/TNFRSF12A/MYLK",14
"GO:0001889","liver development","10/545","92/18842",0.108695652173913,3.75787794176306,4.57644872423923,0.00032461960955475,0.0136016360929059,0.0136016360929059,"ASS1/HNF1B/CCND1/NF1/CEBPB/ITGA2/PCK1/ARID5B/PKD2/MET",10
"GO:0043123","positive regulation of canonical NF-kappaB signal transduction","17/545","226/18842",0.0752212389380531,2.60058455792807,4.17782206162546,0.000325890123635903,0.0136016360929059,0.0136016360929059,"BST2/TSPAN6/TMED4/NFAT5/S100A13/PINK1/TNFSF10/HSPA1B/WLS/VEGFA/TMEM101/C18orf32/CX3CL1/HSPA1A/PLCG2/ATP2C1/CXXC5",17
"GO:0045766","positive regulation of angiogenesis","15/545","185/18842",0.0810810810810811,2.80317381601785,4.25366058143419,0.000326161681819681,0.0136016360929059,0.0136016360929059,"BTG1/RRAS/GRN/ITGB8/S100A1/DDAH1/CTNNB1/RAMP2/RHOB/VEGFA/ETS1/ANXA3/JUP/EMC10/HIF1A",15
"GO:1990845","adaptive thermogenesis","14/545","166/18842",0.0843373493975904,2.91575107770532,4.27869640119282,0.000342571581460112,0.0141853584435596,0.0141853584435596,"SLC25A5/HSF1/SLC25A4/OGT/SORL1/CEBPB/EPAS1/VEGFA/KDM6B/DDIT3/ID1/GADD45G/LNPEP/ARRDC3",14
"GO:0071276","cellular response to cadmium ion","5/545","22/18842",0.227272727272727,7.85738115095913,5.55418194170909,0.000347985269335193,0.0143087649209156,0.0143087649209156,"MT1X/HSF1/MT1M/MT1E/MT2A",5
"GO:0061008","hepaticobiliary system development","10/545","93/18842",0.10752688172043,3.71747065206669,4.53395874534704,0.000354499883191147,0.0144754118969718,0.0144754118969718,"ASS1/HNF1B/CCND1/NF1/CEBPB/ITGA2/PCK1/ARID5B/PKD2/MET",10
"GO:0046718","symbiont entry into host cell","12/545","129/18842",0.0930232558139535,3.21604437806699,4.35874920806136,0.000368792288235128,0.0149551631367073,0.0149551631367073,"WWP1/F11R/MYH10/GAS6/HYAL2/HSPA1B/ITGA2/HSPA1A/RNASEK/ITGAV/CXADR/SLC3A2",12
"GO:0010720","positive regulation of cell development","23/545","362/18842",0.0635359116022099,2.19659384662172,3.96743982919341,0.000380295197764475,0.0153159983757199,0.0153159983757199,"HSF1/FOXO3/PLXNB1/ID2/TRIB1/FZD4/F11R/GAS6/HES1/ARID1B/PLXNB2/TGFBR2/CTNNB1/PPP3CA/VEGFA/PCK1/SPINT1/CX3CL1/SMARCE1/NEDD9/OBSL1/JUP/SOX4",23
"GO:1905897","regulation of response to endoplasmic reticulum stress","10/545","94/18842",0.106382978723404,3.67792309193832,4.49205263582512,0.000386637632298553,0.0154655052919421,0.0154655052919421,"TMX1/CLU/PPP1R15B/PPP1R15A/HERPUD1/TMEM33/DDIT3/LRRK2/HSPA1A/SIK2",10
"GO:0002064","epithelial cell development","12/545","130/18842",0.0923076923076923,3.19130557515879,4.32687946695681,0.000395866024825894,0.0157276501755153,0.0157276501755153,"DSP/RILPL2/F11R/MYADM/IL6ST/COL18A1/VEGFA/EZR/PKHD1/SPINT2/MET/CLDN3",12
"GO:0090084","negative regulation of inclusion body assembly","4/545","13/18842",0.307692307692308,10.6376852505293,5.99916862435822,0.000402004616709881,0.0157585809750273,0.0157585809750273,"DNAJB1/SORL1/HSPA1B/HSPA1A",4
"GO:2001214","positive regulation of vasculogenesis","4/545","13/18842",0.307692307692308,10.6376852505293,5.99916862435822,0.000402004616709881,0.0157585809750273,0.0157585809750273,"DSP/RRAS/RIN2/RAMP2",4
"GO:1904018","positive regulation of vasculature development","15/545","189/18842",0.0793650793650794,2.74384738604922,4.15839091702152,0.000409790575789125,0.0158931823615911,0.0158931823615911,"BTG1/RRAS/GRN/ITGB8/S100A1/DDAH1/CTNNB1/RAMP2/RHOB/VEGFA/ETS1/ANXA3/JUP/EMC10/HIF1A",15
"GO:0030099","myeloid cell differentiation","23/545","364/18842",0.0631868131868132,2.18452464966226,3.93847048347024,0.000410844169891471,0.0158931823615911,0.0158931823615911,"SLC25A5/HSF1/FOXO3/ID2/TRIB1/IL6ST/CEBPB/TGFBR2/EPAS1/HSPA1B/PPP3CA/GLUL/VEGFA/ETS1/HSPA1A/PTBP3/MXRA7/SCIN/STAT1/ZFP36/NEDD9/FOXP1/HIF1A",23
"GO:0022409","positive regulation of cell-cell adhesion","20/545","297/18842",0.0673400673400673,2.32811293361752,3.98162260830086,0.000432309582109493,0.0165765956546656,0.0165765956546656,"CD24/HLA-DRB5/FOXO3/F11R/IGFBP2/NFAT5/IL6ST/ARID1B/TGFBR2/HSPH1/CTNNB1/PPP3CA/PCK1/ETS1/CX3CL1/SMARCE1/CD47/HLA-E/PLPP3/SOX4",20
"GO:0007042","lysosomal lumen acidification","5/545","23/18842",0.217391304347826,7.51575588352613,5.3962334986155,0.000434148933812672,0.0165765956546656,0.0165765956546656,"GRN/LAMP2/ATP6V0C/RNASEK/CLN5",5
"GO:0070059","intrinsic apoptotic signaling pathway in response to endoplasmic reticulum stress","8/545","63/18842",0.126984126984127,4.39015581767875,4.65172449660621,0.000444979967507543,0.0167405142362822,0.0167405142362822,"PPP1R15A/HERPUD1/CEBPB/DDIT3/SELENOK/LRRK2/HSPA1A/DNAJC10",8
"GO:0097305","response to alcohol","18/545","254/18842",0.0708661417322835,2.45001805966915,4.01544997339743,0.000452521600340759,0.0167405142362822,0.0167405142362822,"KLF9/FOXO3/CCND1/PIM3/BTG2/CYBA/JUND/TGFBR2/CTNNB1/MT-CYB/GLB1/SDF4/CDH1/FOS/SCNN1A/JUP/CLDN3/FOSB",18
"GO:0045429","positive regulation of nitric oxide biosynthetic process","6/545","35/18842",0.171428571428571,5.92671035386632,5.03490838095589,0.000452677170674978,0.0167405142362822,0.0167405142362822,"ASS1/CLU/DDAH1/APOE/KLF2/PKD2",6
"GO:0051385","response to mineralocorticoid","6/545","35/18842",0.171428571428571,5.92671035386632,5.03490838095589,0.000452677170674978,0.0167405142362822,0.0167405142362822,"FOXO3/CCND1/CYBA/FOS/SCNN1A/FOSB",6
"GO:0072210","metanephric nephron development","6/545","35/18842",0.171428571428571,5.92671035386632,5.03490838095589,0.000452677170674978,0.0167405142362822,0.0167405142362822,"HES1/EGR1/PAX2/PKD2/STAT1/PAX8",6
"GO:0030111","regulation of Wnt signaling pathway","21/545","321/18842",0.0654205607476635,2.26175083597702,3.93508559412307,0.000460120769574336,0.0169094382818568,0.0169094382818568,"AMFR/VPS35/IGFBP2/APOE/EGR1/CTNNB1/WLS/MESD/BICC1/TAX1BP3/RNF213/DDIT3/PPP2R3A/ATP6V0C/LRRK2/IGFBP4/DCDC2/TBL1XR1/FOLR1/JUP/SOX4",21
"GO:0071456","cellular response to hypoxia","13/545","152/18842",0.0855263157894737,2.95685659101883,4.18057890265173,0.000482924905733172,0.0176372574267767,0.0176372574267767,"FOXO3/LMNA/CCND1/DDAH1/NPEPPS/MDM4/PINK1/JUND/EPAS1/RGCC/VEGFA/FOS/HIF1A",13
"GO:0010043","response to zinc ion","7/545","49/18842",0.142857142857143,4.9389252948886,4.76472685523499,0.000488184862467776,0.0177118925383272,0.0177118925383272,"ASS1/MT1X/MT1M/CRIP1/MT1E/MT2A/PAM",7
"GO:0007034","vacuolar transport","14/545","172/18842",0.0813953488372093,2.81403883080862,4.12476229334301,0.000490992939412811,0.0177118925383272,0.0177118925383272,"CLU/AP1G1/TMEM106B/HSPA8/GRN/VPS35/PINK1/SORL1/LAMP2/RHOB/SORT1/LRRK2/HSPA1A/VPS37B",14
"GO:0097306","cellular response to alcohol","10/545","97/18842",0.103092783505155,3.56417289321858,4.36969104267983,0.00049793241819066,0.0178526988961042,0.0178526988961042,"KLF9/FOXO3/PIM3/BTG2/CYBA/CTNNB1/CDH1/FOS/SCNN1A/JUP",10
"GO:0048872","homeostasis of number of cells","16/545","214/18842",0.0747663551401869,2.58485809825945,4.02415256303368,0.000516835124459129,0.0183645577441491,0.0183645577441491,"RPS17/MIF/SLC25A5/FOXO3/ID2/EPAS1/HSPA1B/GLUL/VEGFA/ETS1/HSPA1A/PTBP3/TSC22D3/STAT1/ZFP36/HIF1A",16
"GO:0071453","cellular response to oxygen levels","14/545","173/18842",0.0809248554913295,2.79777271039932,4.09975202723333,0.000520404554270857,0.0183645577441491,0.0183645577441491,"FOXO3/LMNA/CCND1/DDAH1/NPEPPS/MDM4/PINK1/JUND/EPAS1/RGCC/MAP1LC3A/VEGFA/FOS/HIF1A",14
"GO:0044409","symbiont entry into host","12/545","134/18842",0.0895522388059701,3.09604272216897,4.20241686572986,0.000521578425726685,0.0183645577441491,0.0183645577441491,"WWP1/F11R/MYH10/GAS6/HYAL2/HSPA1B/ITGA2/HSPA1A/RNASEK/ITGAV/CXADR/SLC3A2",12
"GO:1904035","regulation of epithelial cell apoptotic process","6/545","36/18842",0.166666666666667,5.76207951070336,4.93582733450312,0.000530087883322397,0.0184220781636918,0.0184220781636918,"TIA1/PRKAA2/PKHD1/SRSF6/ZFP36/GSN",6
"GO:0001659","temperature homeostasis","15/545","194/18842",0.077319587628866,2.67312966991393,4.04272888318551,0.000539624721689688,0.0184220781636918,0.0184220781636918,"SLC25A5/HSF1/SLC25A4/OGT/SORL1/CEBPB/EGR1/EPAS1/VEGFA/KDM6B/DDIT3/ID1/GADD45G/LNPEP/ARRDC3",15
"GO:0043954","cellular component maintenance","9/545","81/18842",0.111111111111111,3.84138634046891,4.42287930256179,0.000544052680344821,0.0184220781636918,0.0184220781636918,"DSP/GRN/VPS35/APOE/KIFC3/SORT1/SDF4/NEDD9/CLDN3",9
"GO:0051591","response to cAMP","9/545","81/18842",0.111111111111111,3.84138634046891,4.42287930256179,0.000544052680344821,0.0184220781636918,0.0184220781636918,"ASS1/DUSP1/IGFBP5/ITPR2/PKD2/PER1/FOS/ATP5PO/FOSB",9
"GO:1902904","negative regulation of supramolecular fiber organization","13/545","154/18842",0.0844155844155844,2.91845585607054,4.12563725417334,0.000547103323659355,0.0184220781636918,0.0184220781636918,"CAPG/CLU/HSPA8/F11R/MYADM/PHLDB2/CAPZA1/APOE/TACSTD2/SCIN/HIP1R/ARFGEF1/GSN",13
"GO:0070201","regulation of establishment of protein localization","26/545","443/18842",0.0586907449209932,2.02908443266304,3.78282319927564,0.00054787134662595,0.0184220781636918,0.0184220781636918,"ACSL4/MIDN/HSPA8/VPS35/PIM3/DNAJA1/MYH10/GAS6/IL6ST/APOE/SORL1/HYAL2/HMGCR/WLS/ZDHHC2/IFI27/CD2AP/DPH3/NFKBIA/CDH1/ATP2C1/PRKACB/CTSD/JUP/ERBB2/SOX4",26
"GO:0050679","positive regulation of epithelial cell proliferation","14/545","174/18842",0.0804597701149425,2.78169355689128,4.07491936591586,0.000551301342248613,0.0184220781636918,0.0184220781636918,"HPN/GRN/EGFL7/NR4A1/CYBA/PAX2/VEGFA/NME2/PKHD1/SRSF6/LAMB1/ERBB2/EMC10/HIF1A",14
"GO:0030858","positive regulation of epithelial cell differentiation","8/545","65/18842",0.123076923076923,4.25507410021171,4.53695776708444,0.000551409142314584,0.0184220781636918,0.0184220781636918,"CD24/BTG1/WFDC2/CTNNB1/PAX2/PROM1/NME2/PAX8",8
"GO:0060760","positive regulation of response to cytokine stimulus","8/545","65/18842",0.123076923076923,4.25507410021171,4.53695776708444,0.000551409142314584,0.0184220781636918,0.0184220781636918,"GAS6/HSPA1B/AGPAT2/EZR/HSPA1A/RBM47/ADAM10/HIF1A",8
"GO:0061041","regulation of wound healing","12/545","135/18842",0.0888888888888889,3.07310907237513,4.17202829534283,0.00055778244571904,0.0185297219255817,0.0185297219255817,"TMX1/OCLN/PHLDB2/APOE/SERPING1/SRSF6/TFPI/KNG1/CLDN3/ARFGEF1/TNFRSF12A/MYLK",12
"GO:0043122","regulation of canonical NF-kappaB signal transduction","21/545","326/18842",0.0644171779141104,2.22706140597737,3.85710793953148,0.000563015878942761,0.0185985020684463,0.0185985020684463,"BST2/TSPAN6/TMED4/NFAT5/S100A13/PINK1/TNFSF10/HSPA1B/WLS/VEGFA/TMEM101/C18orf32/CX3CL1/HSPA1A/ANXA4/PLCG2/NFKBIA/PER1/ATP2C1/STAT1/CXXC5",21
"GO:0044703","multi-organism reproductive process","13/545","155/18842",0.0838709677419355,2.89962710861202,4.0984977096022,0.000581805969673909,0.019111838556886,0.019111838556886,"MAFF/SPP1/IGFBP2/TMED2/SERPINA5/DDR1/IGFBP5/ITGA2/VEGFA/LNPEP/FOS/SLC38A1/FOSB",13
"GO:0008637","apoptotic mitochondrial changes","10/545","99/18842",0.101010101010101,3.49216940042628,4.29077642619065,0.000585955988340766,0.019141228952465,0.019141228952465,"CLU/SLC25A5/VPS35/PINK1/TNFSF10/MCL1/LRRK2/HSPA1A/HIP1R/IFI6",10
"GO:0006892","post-Golgi vesicle-mediated transport","11/545","118/18842",0.0932203389830508,3.22285803141036,4.18036011584068,0.00062932919283775,0.0204445063750606,0.0204445063750606,"AP1G1/RAB3IP/SCAMP1/SORL1/VPS13A/VPS13C/KRT18/SORT1/ATP2C1/LLGL2/VAMP5",11
"GO:0006972","hyperosmotic response","5/545","25/18842",0.2,6.91449541284404,5.10708155387445,0.000653543308079997,0.0211144761071999,0.0211144761071999,"NFAT5/YBX3/ERRFI1/FXYD2/AKR1B1",5
"GO:0010810","regulation of cell-substrate adhesion","15/545","198/18842",0.0757575757575758,2.61912705031971,3.95279469819508,0.000667380760976579,0.0214437096969524,0.0214437096969524,"RRAS/NF1/FZD4/MYADM/PHLDB2/RIN2/VEGFA/NPNT/CX3CL1/TACSTD2/PKHD1/FAM107A/PLPP3/NEDD9/JUP",15
"GO:0051223","regulation of protein transport","24/545","401/18842",0.0598503740648379,2.06917568464161,3.73498883295014,0.000673205562947556,0.0214748083039198,0.0214748083039198,"ACSL4/MIDN/HSPA8/VPS35/PIM3/DNAJA1/MYH10/GAS6/IL6ST/APOE/SORL1/HYAL2/HMGCR/WLS/ZDHHC2/IFI27/CD2AP/DPH3/NFKBIA/CDH1/ATP2C1/PRKACB/JUP/SOX4",24
"GO:0048598","embryonic morphogenesis","22/545","354/18842",0.0621468926553672,2.14857202094024,3.76508841719005,0.000679290312493325,0.0214748083039198,0.0214748083039198,"LMBRD1/HPN/ID2/DUSP1/MYADM/TMED2/HES1/ENG/PLXNB2/TGFBR2/CTNNB1/SPARC/ITGA2/WLS/PAX2/KDM6B/MYO6/PKD2/ITGAV/LAMB1/FOLR1/PAX8",22
"GO:0034614","cellular response to reactive oxygen species","12/545","138/18842",0.0869565217391304,3.00630235341045,4.08252601402643,0.000679305160634196,0.0214748083039198,0.0214748083039198,"SOD3/FOXO3/PINK1/PLEKHA1/MAP1LC3A/RHOB/KLF2/PKD2/LRRK2/MET/FOS/FOXP1",12
"GO:0010038","response to metal ion","20/545","308/18842",0.0649350649350649,2.24496604313118,3.80196895978833,0.000683857265500165,0.0215031054606469,0.0215031054606469,"ASS1/MT1X/HSF1/CCND1/MT1M/CRIP1/DUSP1/PRKAA2/JUND/MT1E/MAP1LC3A/PPP3CA/MT-CYB/MT2A/PKD2/LRRK2/PLCG2/CDH1/PAM/HIF1A",20
"GO:0007405","neuroblast proliferation","6/545","38/18842",0.157894736842105,5.45881216803477,4.74838731991361,0.000715477299362366,0.0222592937579403,0.0222592937579403,"NF1/PLXNB2/CTNNB1/VEGFA/CX3CL1/LRRK2",6
"GO:0035904","aorta development","6/545","38/18842",0.157894736842105,5.45881216803477,4.74838731991361,0.000715477299362366,0.0222592937579403,0.0222592937579403,"HES1/ENG/TGFBR2/PKD2/SOX4/MYLK",6
"GO:0051412","response to corticosterone","4/545","15/18842",0.266666666666667,9.21932721712538,5.49606196450906,0.000732917302095659,0.0226406051176464,0.0226406051176464,"FOXO3/CCND1/FOS/FOSB",4
"GO:0044706","multi-multicellular organism process","13/545","159/18842",0.0817610062893082,2.82668051468467,3.99206986545825,0.00073980959466475,0.0226406051176464,0.0226406051176464,"MAFF/SPP1/IGFBP2/TMED2/SERPINA5/DDR1/IGFBP5/ITGA2/VEGFA/LNPEP/FOS/SLC38A1/FOSB",13
"GO:0031589","cell-substrate adhesion","21/545","333/18842",0.0630630630630631,2.18024630134722,3.75027892232124,0.000740359410251554,0.0226406051176464,0.0226406051176464,"RRAS/ITGB8/NF1/FZD4/MYADM/PHLDB2/LAMA5/DDR1/RIN2/ITGA2/VEGFA/NPNT/CX3CL1/TACSTD2/PKHD1/ITGAV/LAMB1/FAM107A/PLPP3/NEDD9/JUP",21
"GO:0009144","purine nucleoside triphosphate metabolic process","17/545","243/18842",0.0699588477366255,2.41865065881376,3.84144027667208,0.000745535884790441,0.0226406051176464,0.0226406051176464,"ATP5MC3/HSPA8/OGT/NUDT16/UCHL1/PRKAA2/PINK1/HSPA1B/NME2/ATP6V0C/ATP5ME/LRRK2/HSPA1A/ATP5PD/ATP5PO/ZBTB20/HIF1A",17
"GO:0043254","regulation of protein-containing complex assembly","24/545","404/18842",0.0594059405940594,2.05381051866655,3.69535859418974,0.000746985951160442,0.0226406051176464,0.0226406051176464,"CAPG/CLU/HSF1/HSPA8/OGT/VPS35/OCLN/MYADM/CAPZA1/APOE/PINK1/SORL1/HES1/LAMP2/HSPA1B/VEGFA/LRRK2/ZDHHC12/HSPA1A/PLCG2/SCIN/HIP1R/ARFGEF1/GSN",24
"GO:0043113","receptor clustering","7/545","53/18842",0.132075471698113,4.56617621602908,4.48692884793331,0.000793089518482911,0.0237926855544873,0.0237926855544873,"AGRN/APOE/MESD/ZDHHC2/PIGR/LAMB1/GSN",7
"GO:0071470","cellular response to osmotic stress","7/545","53/18842",0.132075471698113,4.56617621602908,4.48692884793331,0.000793089518482911,0.0237926855544873,0.0237926855544873,"NFAT5/YBX3/ERRFI1/PKD2/FXYD2/AKR1B1/MYLK",7
"GO:0044403","biological process involved in symbiotic interaction","14/545","181/18842",0.0773480662983425,2.67411424806123,3.90586479295363,0.000814402713882167,0.0242599675000552,0.0242599675000552,"BST2/WWP1/F11R/MYH10/GAS6/HYAL2/HSPA1B/ITGA2/HSPA1A/RNASEK/ITGAV/CXADR/SLC3A2/VPS37B",14
"GO:0034110","regulation of homotypic cell-cell adhesion","6/545","39/18842",0.153846153846154,5.31884262526464,4.65957591121201,0.000825168962586912,0.0242599675000552,0.0242599675000552,"TMX1/F11R/IL6ST/CTNNB1/ADGRG1/PLPP3",6
"GO:0035850","epithelial cell differentiation involved in kidney development","6/545","39/18842",0.153846153846154,5.31884262526464,4.65957591121201,0.000825168962586912,0.0242599675000552,0.0242599675000552,"CD24/CTNNB1/PAX2/PROM1/STAT1/PAX8",6
"GO:0071604","transforming growth factor beta production","6/545","39/18842",0.153846153846154,5.31884262526464,4.65957591121201,0.000825168962586912,0.0242599675000552,0.0242599675000552,"CD24/FOSL2/JUN/LAPTM4B/ITGAV/HIF1A",6
"GO:0034620","cellular response to unfolded protein","10/545","104/18842",0.0961538461538462,3.3242766407904,4.10207079925775,0.000863561620484979,0.0251373382596618,0.0251373382596618,"PPP1R15B/HSF1/AMFR/PPP1R15A/HERPUD1/TMEM33/DDIT3/HSPA1A/ATF3/DNAJC10",10
"GO:0045446","endothelial cell differentiation","10/545","104/18842",0.0961538461538462,3.3242766407904,4.10207079925775,0.000863561620484979,0.0251373382596618,0.0251373382596618,"BTG1/DSP/F11R/MYADM/COL18A1/VEGFA/KDM6B/EZR/MET/CLDN3",10
"GO:0006809","nitric oxide biosynthetic process","8/545","70/18842",0.114285714285714,3.95114023591088,4.26917420265915,0.00090934082999209,0.0262104121585955,0.0262104121585955,"ASS1/ARG2/CLU/DDAH1/APOE/KLF2/PKD2/CD47",8
"GO:2000379","positive regulation of reactive oxygen species metabolic process","8/545","70/18842",0.114285714285714,3.95114023591088,4.26917420265915,0.00090934082999209,0.0262104121585955,0.0262104121585955,"FOXO3/CYBA/TGFBR2/AKR1C1/GADD45A/DCXR/PLCG2/CDKN1A",8
"GO:0007249","canonical NF-kappaB signal transduction","21/545","339/18842",0.0619469026548673,2.14165787123488,3.66079181578914,0.000928948790934131,0.0262404346969675,0.0262404346969675,"BST2/TSPAN6/TMED4/NFAT5/S100A13/PINK1/TNFSF10/HSPA1B/WLS/VEGFA/TMEM101/C18orf32/CX3CL1/HSPA1A/ANXA4/PLCG2/NFKBIA/PER1/ATP2C1/STAT1/CXXC5",21
"GO:0048659","smooth muscle cell proliferation","13/545","163/18842",0.0797546012269939,2.75731412168627,3.88889907140791,0.000932456109866815,0.0262404346969675,0.0262404346969675,"ID2/TRIB1/APOE/CYBA/RGCC/IGFBP5/CTNNB1/ITGA2/CX3CL1/DDIT3/JUN/CDKN1A/FOXP1",13
"GO:0035909","aorta morphogenesis","5/545","27/18842",0.185185185185185,6.40231056744818,4.84807801524951,0.000946821847060517,0.0262404346969675,0.0262404346969675,"HES1/ENG/TGFBR2/SOX4/MYLK",5
"GO:0046686","response to cadmium ion","6/545","40/18842",0.15,5.18587155963303,4.57376820978322,0.000947384962142976,0.0262404346969675,0.0262404346969675,"MT1X/HSF1/MT1M/MT1E/MT-CYB/MT2A",6
"GO:1900744","regulation of p38MAPK cascade","6/545","40/18842",0.15,5.18587155963303,4.57376820978322,0.000947384962142976,0.0262404346969675,0.0262404346969675,"DUSP1/GADD45B/EZR/GADD45A/GADD45G/PER1",6
"GO:0010273","detoxification of copper ion","4/545","16/18842",0.25,8.64311926605505,5.27851648931419,0.000955009017882832,0.0262404346969675,0.0262404346969675,"MT1X/MT1M/MT1E/MT2A",4
"GO:0032352","positive regulation of hormone metabolic process","4/545","16/18842",0.25,8.64311926605505,5.27851648931419,0.000955009017882832,0.0262404346969675,0.0262404346969675,"HPN/EGR1/PAX8/HIF1A",4
"GO:0060231","mesenchymal to epithelial transition","4/545","16/18842",0.25,8.64311926605505,5.27851648931419,0.000955009017882832,0.0262404346969675,0.0262404346969675,"CTNNB1/PAX2/STAT1/PAX8",4
"GO:1903909","regulation of receptor clustering","4/545","16/18842",0.25,8.64311926605505,5.27851648931419,0.000955009017882832,0.0262404346969675,0.0262404346969675,"MESD/ZDHHC2/LAMB1/GSN",4
"GO:1990169","stress response to copper ion","4/545","16/18842",0.25,8.64311926605505,5.27851648931419,0.000955009017882832,0.0262404346969675,0.0262404346969675,"MT1X/MT1M/MT1E/MT2A",4
"GO:0043491","phosphatidylinositol 3-kinase/protein kinase B signal transduction","19/545","294/18842",0.0646258503401361,2.23427572864008,3.6812693284171,0.000975896908460236,0.0266896456825404,0.0266896456825404,"PTPN13/FKBP5/PLXNB1/RRAS/NF1/GAS6/PINK1/HYAL2/ENG/GDF15/DDR1/PLEKHA1/RGCC/VEGFA/VAV3/CX3CL1/DDIT3/ERBB2/ARFGEF1",19
"GO:0048193","Golgi vesicle transport","20/545","319/18842",0.0626959247648903,2.16755342095424,3.62975005683404,0.00105303641096814,0.0286659911874661,0.0286659911874661,"MIA2/AP1G1/RAB3IP/SCAMP1/TMED4/TMED2/SORL1/VPS13A/VPS13C/KRT18/TMED3/SEC22B/SORT1/TMED5/TAPBP/LRRK2/ATP2C1/LLGL2/PLPP3/VAMP5",20
"GO:0043500","muscle adaptation","10/545","107/18842",0.0934579439252336,3.23107262282432,3.99428481320477,0.0010765505030475,0.029171045889029,0.029171045889029,"FOXO3/LMNA/IL6ST/CYBA/JUND/IGFBP5/PPP3CA/ERRFI1/FOXP1/GSN",10
"GO:0001558","regulation of cell growth","22/545","367/18842",0.0599455040871935,2.07246456515761,3.58083279406939,0.0010878877076009,0.0293430262417125,0.0293430262417125,"BST2/HPN/SLC25A33/ACSL4/BTG1/SPP1/APOE/SGK1/HYAL2/CYBA/HSPA1B/SOCS2/VEGFA/SERTAD3/HSPA1A/CDKN1A/CDH1/FAM107A/ADAM10/JUP/ERBB2/FOXP1",22
"GO:0045428","regulation of nitric oxide biosynthetic process","7/545","56/18842",0.125,4.32155963302752,4.29614756574301,0.00110762292018282,0.0296542912720063,0.0296542912720063,"ASS1/CLU/DDAH1/APOE/KLF2/PKD2/CD47",7
"GO:0007264","small GTPase-mediated signal transduction","27/545","490/18842",0.0551020408163265,1.90501404231417,3.50325652394941,0.00111436309783295,0.0296542912720063,0.0296542912720063,"PLXNB1/OGT/RRAS/NF1/F11R/FARP1/APOE/CDC42SE2/RIN2/MYO9A/RHOB/ADGRG1/TAX1BP3/VAV3/MYO6/CD2AP/LRRK2/EPS8L2/CDC42SE1/CDKN1A/ITGAV/SPRY1/CTNNAL1/RAP1GAP/ERBB2/ARFGEF1/GABARAP",27
"GO:0045216","cell-cell junction organization","14/545","187/18842",0.0748663101604278,2.58831379090419,3.7672094359822,0.00111768929511627,0.0296542912720063,0.0296542912720063,"PARD6B/DSP/OCLN/F11R/KIFC3/CTNNB1/RAMP2/VEGFA/PKHD1/CDH1/CXADR/ADAM10/JUP/CLDN3",14
"GO:0007033","vacuole organization","16/545","230/18842",0.0695652173913043,2.40504188272836,3.70012970551429,0.00111960079292268,0.0296542912720063,0.0296542912720063,"TP53INP2/TMEM106B/GRN/VPS35/PINK1/LAMP2/GABARAPL1/MAP1LC3A/SEC22B/GAA/ATP6V0C/LRRK2/RNASEK/LAPTM4B/CLN5/GABARAP",16
"GO:2001242","regulation of intrinsic apoptotic signaling pathway","13/545","167/18842",0.0778443113772455,2.69127066966983,3.78879693634407,0.00116546455034202,0.0307306347803187,0.0307306347803187,"MIF/CLU/HERPUD1/DNAJA1/PINK1/CTNNB1/YBX3/MCL1/DDIT3/LRRK2/HSPA1A/MUC1/HIF1A",13
"GO:0035023","regulation of Rho protein signal transduction","9/545","90/18842",0.1,3.45724770642202,4.03279993850297,0.00117161073551825,0.030754781807354,0.030754781807354,"PLXNB1/F11R/APOE/CDC42SE2/ADGRG1/TAX1BP3/EPS8L2/CDC42SE1/ERBB2",9
"GO:0006873","intracellular monoatomic ion homeostasis","24/545","418/18842",0.0574162679425837,1.9850226065581,3.51481651294842,0.00119194504540327,0.0311494971865388,0.0311494971865388,"MT1X/ATP1B3/GRN/MT1M/ATP13A3/HERPUD1/FXYD4/LAMP2/ANKRD9/MT1E/MT2A/SLC39A10/CALB1/SELENOK/ATP6V0C/LRRK2/PKHD1/RNASEK/ATP2C1/CLN5/SLC39A6/SCNN1A/SLC40A1/RHCG",24
"GO:0006970","response to osmotic stress","8/545","73/18842",0.10958904109589,3.78876460977755,4.12014977069787,0.00120075916640379,0.0312409907011251,0.0312409907011251,"NFAT5/ITGA2/YBX3/ERRFI1/PKD2/FXYD2/AKR1B1/MYLK",8
"GO:0051701","biological process involved in interaction with host","13/545","168/18842",0.0773809523809524,2.67525120139799,3.76423027712602,0.00123075005493734,0.0314543749521255,0.0314543749521255,"WWP1/F11R/MYH10/GAS6/HYAL2/HSPA1B/ITGA2/HSPA1A/RNASEK/ITGAV/CXADR/SLC3A2/VPS37B",13
"GO:0030837","negative regulation of actin filament polymerization","7/545","57/18842",0.12280701754386,4.24574279736037,4.23551488217191,0.0012317629757999,0.0314543749521255,0.0314543749521255,"CAPG/MYADM/CAPZA1/SCIN/HIP1R/ARFGEF1/GSN",7
"GO:0007040","lysosome organization","10/545","109/18842",0.0917431192660551,3.17178688662571,3.92452473639357,0.00124105697090019,0.0314543749521255,0.0314543749521255,"TMEM106B/GRN/VPS35/LAMP2/GAA/ATP6V0C/LRRK2/RNASEK/LAPTM4B/CLN5",10
"GO:0007229","integrin-mediated signaling pathway","10/545","109/18842",0.0917431192660551,3.17178688662571,3.92452473639357,0.00124105697090019,0.0314543749521255,0.0314543749521255,"ITGB8/LAMA5/ITGA2/NME2/CD47/ITGAV/LAMB1/ADAM10/PLPP3/NEDD9",10
"GO:0080171","lytic vacuole organization","10/545","109/18842",0.0917431192660551,3.17178688662571,3.92452473639357,0.00124105697090019,0.0314543749521255,0.0314543749521255,"TMEM106B/GRN/VPS35/LAMP2/GAA/ATP6V0C/LRRK2/RNASEK/LAPTM4B/CLN5",10
"GO:2001235","positive regulation of apoptotic signaling pathway","10/545","109/18842",0.0917431192660551,3.17178688662571,3.92452473639357,0.00124105697090019,0.0314543749521255,0.0314543749521255,"CLU/CTSH/HYAL2/TNFSF10/MCL1/DDIT3/ATF3/TPD52L1/ITM2C/TNFRSF12A",10
"GO:1901136","carbohydrate derivative catabolic process","17/545","255/18842",0.0666666666666667,2.30483180428135,3.6205975766018,0.00126685143216281,0.0319703279876279,0.0319703279876279,"OGT/NUDT16/UCHL1/FUCA1/CDA/PRKAA2/HYAL2/GNS/MAN1A1/GLB1/UPP1/OGA/NEU1/STT3B/SUMF2/ZBTB20/HIF1A",17
"GO:1990778","protein localization to cell periphery","21/545","348/18842",0.0603448275862069,2.08627016766846,3.52998069134035,0.00128890579903971,0.0323878893092029,0.0323878893092029,"ATP1B3/OGT/VPS35/RILPL2/F11R/MYADM/TMED2/GAS6/SORL1/KRT18/MESD/RAMP2/ZDHHC2/EZR/CDH1/ATP2C1/ADAM10/VAMP5/JUP/ERBB2/GABARAP",21
"GO:2000177","regulation of neural precursor cell proliferation","7/545","58/18842",0.120689655172414,4.17254033533692,4.17625867967052,0.00136653411141202,0.0341924279791604,0.0341924279791604,"NF1/ID2/CTNNB1/VEGFA/SPINT1/CX3CL1/LRRK2",7
"GO:0050878","regulation of body fluid levels","20/545","327/18842",0.0611620795107034,2.1145245910838,3.50882699281149,0.00141881539571654,0.035350146300056,0.035350146300056,"TMX1/MYL9/F11R/IL6ST/APOE/HYAL2/DDR1/ITGA2/PPP3CA/ADGRG1/VEGFA/VAV3/SERPING1/PLCG2/CSRP1/TFPI/PRKACB/KNG1/SCNN1A/SERPINA1",20
"GO:0030968","endoplasmic reticulum unfolded protein response","9/545","93/18842",0.0967741935483871,3.34572358686002,3.91371806084543,0.00147866155859183,0.0366857804410125,0.0366857804410125,"PPP1R15B/AMFR/PPP1R15A/HERPUD1/TMEM33/DDIT3/HSPA1A/ATF3/DNAJC10",9
"GO:0050680","negative regulation of epithelial cell proliferation","11/545","131/18842",0.083969465648855,2.90303242523986,3.77219051307125,0.00149239830353264,0.0368586157705343,0.0368586157705343,"HPN/CDKN1C/KLF9/NF1/APOE/ENG/JUND/RGCC/SPARC/STAT1/RAP1GAP",11
"GO:0009141","nucleoside triphosphate metabolic process","17/545","259/18842",0.0656370656370656,2.26923594630017,3.54972422027844,0.00149816482468668,0.0368586157705343,0.0368586157705343,"ATP5MC3/HSPA8/OGT/NUDT16/UCHL1/PRKAA2/PINK1/HSPA1B/NME2/ATP6V0C/ATP5ME/LRRK2/HSPA1A/ATP5PD/ATP5PO/ZBTB20/HIF1A",17
"GO:1903409","reactive oxygen species biosynthetic process","7/545","59/18842",0.11864406779661,4.10181931270409,4.11832204036459,0.00151255034059026,0.0370574833444614,0.0370574833444614,"SLC25A33/ARG2/FOXO3/CYBA/TP53I3/PLCG2/HIF1A",7
"GO:1900424","regulation of defense response to bacterium","4/545","18/18842",0.222222222222222,7.68277268093782,4.89550237846709,0.00153361201174547,0.0372629695415841,0.0372629695415841,"ARG2/GRN/CYBA/FOXP1",4
"GO:1901298","regulation of hydrogen peroxide-mediated programmed cell death","4/545","18/18842",0.222222222222222,7.68277268093782,4.89550237846709,0.00153361201174547,0.0372629695415841,0.0372629695415841,"FOXO3/PINK1/MET/FOXP1",4
"GO:0009205","purine ribonucleoside triphosphate metabolic process","16/545","238/18842",0.0672268907563025,2.3242001387711,3.54812755292658,0.00159671003698671,0.0386364404011598,0.0386364404011598,"ATP5MC3/HSPA8/OGT/UCHL1/PRKAA2/PINK1/HSPA1B/NME2/ATP6V0C/ATP5ME/LRRK2/HSPA1A/ATP5PD/ATP5PO/ZBTB20/HIF1A",16
"GO:0007254","JNK cascade","13/545","173/18842",0.0751445086705202,2.59793180251366,3.64402246671151,0.00160463789027973,0.0386691426018229,0.0386691426018229,"TRIB1/GADD45B/DNAJA1/PINK1/MAP1LC3A/GADD45A/LRRK2/GADD45G/JUN/TPD52L1/PER1/MECOM/ERBB2",13
"GO:0080164","regulation of nitric oxide metabolic process","7/545","60/18842",0.116666666666667,4.03345565749235,4.06165133875956,0.00167044090600525,0.0400905817441261,0.0400905817441261,"ASS1/CLU/DDAH1/APOE/KLF2/PKD2/CD47",7
"GO:2000027","regulation of animal organ morphogenesis","6/545","45/18842",0.133333333333333,4.60966360856269,4.18397421233819,0.00177983247121256,0.0425423371167881,0.0425423371167881,"VEGFA/TACSTD2/PKHD1/PAX8/BTBD7/HOXB7",6
"GO:0071214","cellular response to abiotic stimulus","19/545","311/18842",0.0610932475884244,2.11214490102953,3.41312680381012,0.00187084436285581,0.0442995143308801,0.0442995143308801,"HSF1/CRIP1/F11R/MAP3K1/NFAT5/HYAL2/CYBA/EGR1/ITGA2/YBX3/RHOB/ERRFI1/GADD45A/PKD2/FXYD2/CDKN1A/SCNN1A/AKR1B1/MYLK",19
"GO:0104004","cellular response to environmental stimulus","19/545","311/18842",0.0610932475884244,2.11214490102953,3.41312680381012,0.00187084436285581,0.0442995143308801,0.0442995143308801,"HSF1/CRIP1/F11R/MAP3K1/NFAT5/HYAL2/CYBA/EGR1/ITGA2/YBX3/RHOB/ERRFI1/GADD45A/PKD2/FXYD2/CDKN1A/SCNN1A/AKR1B1/MYLK",19
"GO:0034112","positive regulation of homotypic cell-cell adhesion","4/545","19/18842",0.210526315789474,7.27841622404635,4.72544556731328,0.00189855061418058,0.0442995143308801,0.0442995143308801,"F11R/IL6ST/CTNNB1/PLPP3",4
"GO:0043116","negative regulation of vascular permeability","4/545","19/18842",0.210526315789474,7.27841622404635,4.72544556731328,0.00189855061418058,0.0442995143308801,0.0442995143308801,"DDAH1/APOE/RAMP2/VEGFA",4
"GO:1901028","regulation of mitochondrial outer membrane permeabilization involved in apoptotic signaling pathway","4/545","19/18842",0.210526315789474,7.27841622404635,4.72544556731328,0.00189855061418058,0.0442995143308801,0.0442995143308801,"SLC25A5/LRRK2/HSPA1A/HIP1R",4
"GO:2000737","negative regulation of stem cell differentiation","4/545","19/18842",0.210526315789474,7.27841622404635,4.72544556731328,0.00189855061418058,0.0442995143308801,0.0442995143308801,"LBH/HES1/ZFP36L2/N4BP2L2",4
"GO:0042158","lipoprotein biosynthetic process","6/545","46/18842",0.130434782608696,4.50945353011568,4.11287940574709,0.00199763984631488,0.0460463553596476,0.0460463553596476,"APOE/GLUL/ZDHHC2/SELENOK/ZDHHC12/UGCG",6
"GO:0061028","establishment of endothelial barrier","6/545","46/18842",0.130434782608696,4.50945353011568,4.11287940574709,0.00199763984631488,0.0460463553596476,0.0460463553596476,"DSP/F11R/MYADM/VEGFA/EZR/CLDN3",6
"GO:1904019","epithelial cell apoptotic process","6/545","46/18842",0.130434782608696,4.50945353011568,4.11287940574709,0.00199763984631488,0.0460463553596476,0.0460463553596476,"TIA1/PRKAA2/PKHD1/SRSF6/ZFP36/GSN",6
"GO:0046209","nitric oxide metabolic process","8/545","79/18842",0.10126582278481,3.50101033561723,3.84448503519317,0.00200473928096425,0.0460463553596476,0.0460463553596476,"ASS1/ARG2/CLU/DDAH1/APOE/KLF2/PKD2/CD47",8
"GO:0030003","intracellular monoatomic cation homeostasis","23/545","410/18842",0.0560975609756098,1.93943164018796,3.31918273313453,0.00201585098674514,0.0461214155722235,0.0461214155722235,"MT1X/ATP1B3/GRN/MT1M/ATP13A3/HERPUD1/FXYD4/LAMP2/ANKRD9/MT1E/MT2A/SLC39A10/CALB1/SELENOK/ATP6V0C/LRRK2/PKHD1/RNASEK/ATP2C1/CLN5/SLC39A6/SCNN1A/SLC40A1",23
"GO:0048562","embryonic organ morphogenesis","12/545","157/18842",0.0764331210191083,2.64248232337989,3.56668094299294,0.0020751699657897,0.0472945713133467,0.0472945713133467,"HPN/ID2/HES1/ENG/TGFBR2/CTNNB1/SPARC/PAX2/MYO6/PKD2/FOLR1/PAX8",12
