"p_val","avg_log2FC","pct.1","pct.2","p_val_adj","cluster","gene"
0,4.11493294172353,0.525,0.045,0,"Epithelial cells","WFDC2"
0,3.91886775813841,0.286,0.019,0,"Epithelial cells","KRT7"
0,3.53959083013022,0.339,0.018,0,"Epithelial cells","CLDN3"
0,3.52643718622456,0.496,0.059,0,"Epithelial cells","HSD11B2"
0,3.4465659941455,0.409,0.022,0,"Epithelial cells","CLDN4"
0,3.41349561467144,0.379,0.019,0,"Epithelial cells","CLDN8"
0,3.40651183402519,0.29,0.019,0,"Epithelial cells","DSG2"
0,3.38468651942198,0.323,0.019,0,"Epithelial cells","ATP6V0A4"
0,3.29129927988704,0.497,0.042,0,"Epithelial cells","MUC1"
0,3.22662934204697,0.387,0.073,0,"Epithelial cells","ERBB4"
0,8.02605282382509,0.287,0.004,0,"Endothelial cells","CRHBP"
0,7.72097037129926,0.352,0.003,0,"Endothelial cells","CLEC14A"
0,7.41637241301517,0.534,0.008,0,"Endothelial cells","FLT1"
0,7.3542367631962,0.416,0.004,0,"Endothelial cells","KDR"
0,7.27996779949934,0.414,0.004,0,"Endothelial cells","CDH5"
0,7.26747408658794,0.391,0.007,0,"Endothelial cells","RAMP3"
0,7.14946867250166,0.462,0.008,0,"Endothelial cells","MMRN2"
0,7.14187999572099,0.338,0.003,0,"Endothelial cells","ROBO4"
0,7.13049688712232,0.528,0.007,0,"Endothelial cells","TEK"
0,7.0878393837973,0.375,0.01,0,"Endothelial cells","PLVAP"
0,9.26512641170217,0.676,0.005,0,"Fibroblasts","IL1RL1"
0,8.51360354238692,0.441,0.008,0,"Fibroblasts","C7"
0,8.50018942036861,0.541,0.005,0,"Fibroblasts","PDGFRA"
0,8.00601441729364,0.477,0.005,0,"Fibroblasts","POSTN"
0,6.67109607518507,0.586,0.012,0,"Fibroblasts","AGTR1"
0,6.67038342446225,0.45,0.012,0,"Fibroblasts","CHRDL1"
0,6.44617718977578,0.333,0.007,0,"Fibroblasts","PRR16"
0,6.4416455733764,0.36,0.008,0,"Fibroblasts","ITGA11"
0,6.33568795854479,0.532,0.024,0,"Fibroblasts","LAMA2"
0,6.09964028746795,0.514,0.028,0,"Fibroblasts","CCDC80"
0.000419434154881326,2.02621686153493,0.341,0.388,1,"Tcm/Naive helper T cells","PTGR1"
0.000558543518070831,1.56725240244395,0.36,0.418,1,"Tcm/Naive helper T cells","CA2"
0.000862046245514225,1.47045454081938,0.364,0.424,1,"Tcm/Naive helper T cells","FAM107B"
2.53893892576684e-08,1.44474695423634,0.385,0.394,0.000718951335609397,"Tcm/Naive helper T cells","CKB"
0,1.44346186651741,0.505,0.502,0,"Tcm/Naive helper T cells","MRPS6"
0,1.24979941717892,0.575,0.628,0,"Tcm/Naive helper T cells","S100A11"
0,1.23279015819176,0.575,0.627,0,"Tcm/Naive helper T cells","ENO1"
0,1.21506949631782,0.451,0.246,0,"Tcm/Naive helper T cells","FXYD4"
8.72238138535988e-05,1.19294456418536,0.188,0.302,1,"Tcm/Naive helper T cells","PDHA1"
1.55293378156784e-08,1.16199809162174,0.459,0.519,0.000439744258926567,"Tcm/Naive helper T cells","PKM"
0,4.109534375502,0.738,0.152,0,"Memory B cells","PPP1R1A"
0,2.81329814219483,0.312,0.115,0,"Memory B cells","DUSP9"
0,2.62218013697793,0.688,0.388,0,"Memory B cells","CKB"
0,2.6085236070451,0.415,0.29,0,"Memory B cells","SLC25A4"
0,2.59792979790115,0.497,0.319,0,"Memory B cells","IDH2"
0,2.54789743385598,0.426,0.304,0,"Memory B cells","CBR1"
0,2.53050774785889,0.33,0.182,0,"Memory B cells","RAP1GAP"
1.1370460129001e-11,2.45868703500605,0.301,0.226,3.21977319472921e-07,"Memory B cells","ITGB1BP1"
0,2.41268109041326,0.354,0.217,0,"Memory B cells","HSPA2"
0,2.32145978449593,0.396,0.256,0,"Memory B cells","PRDM16-DT"
0,11.033019387715,0.254,0.001,0,"DC2","FOLR2"
0,9.90829099232308,0.523,0.001,0,"DC2","C1QC"
0,8.98477896483325,0.269,0.001,0,"DC2","CD163"
0,8.95560233840076,0.262,0,0,"DC2","HPGDS"
0,8.86244509618352,0.408,0.002,0,"DC2","GPR34"
0,8.71083228692402,0.562,0.002,0,"DC2","C1QB"
0,8.66779679099212,0.292,0.001,0,"DC2","CLEC10A"
0,8.2599258402299,0.585,0.005,0,"DC2","MS4A6A"
0,8.23762309981303,0.654,0.005,0,"DC2","C1QA"
0,8.19448436853858,0.262,0.002,0,"DC2","RNASE6"
0,10.8621580888791,0.879,0.001,0,"Non-classical monocytes","SMIM25"
0,9.64630305735278,0.377,0.001,0,"Non-classical monocytes","SIGLEC10"
0,9.23223328956549,0.526,0.001,0,"Non-classical monocytes","LILRA5"
0,9.06897476941547,0.991,0.008,0,"Non-classical monocytes","LST1"
0,8.78778273367123,0.393,0.001,0,"Non-classical monocytes","LILRA1"
0,8.65901818280558,0.611,0.002,0,"Non-classical monocytes","LILRB2"
0,8.60299690238042,0.692,0.003,0,"Non-classical monocytes","BCL2A1"
0,8.42759585159945,0.383,0.001,0,"Non-classical monocytes","APOBEC3A"
0,8.37195013568807,0.561,0.002,0,"Non-classical monocytes","CFP"
0,8.33684851770911,0.336,0.001,0,"Non-classical monocytes","HK3"
0,5.07782136736117,0.931,0.157,0,"Erythrophagocytic macrophages","MT1G"
0,4.9085719991649,0.704,0.063,0,"Erythrophagocytic macrophages","MT1H"
0,4.85328489502807,0.473,0.034,0,"Erythrophagocytic macrophages","AFP"
0,4.7040832211441,0.255,0.021,0,"Erythrophagocytic macrophages","DHDH"
0,4.51564395973327,0.972,0.071,0,"Erythrophagocytic macrophages","MIOX"
0,4.51341476931943,0.437,0.036,0,"Erythrophagocytic macrophages","HAO2"
0,4.45195983865155,0.748,0.057,0,"Erythrophagocytic macrophages","AGMAT"
0,4.40528950894516,0.942,0.066,0,"Erythrophagocytic macrophages","GSTA1"
0,4.40345697504666,0.879,0.05,0,"Erythrophagocytic macrophages","FABP1"
0,4.36529565063515,0.336,0.032,0,"Erythrophagocytic macrophages","PIPOX"
0,10.8201531816432,0.445,0.001,0,"CD16+ NK cells","XCL2"
0,10.0840516134334,0.744,0.001,0,"CD16+ NK cells","CD7"
0,9.97993232506178,0.445,0.001,0,"CD16+ NK cells","TRDC"
0,9.9727163600503,0.899,0.002,0,"CD16+ NK cells","GNLY"
0,9.89013682596796,0.489,0.001,0,"CD16+ NK cells","IL2RB"
0,9.55929800352655,0.859,0.002,0,"CD16+ NK cells","GZMB"
0,9.36514842646778,0.837,0.002,0,"CD16+ NK cells","PRF1"
0,9.26236327497358,0.304,0.001,0,"CD16+ NK cells","NCR3"
0,9.25833786350489,0.771,0.002,0,"CD16+ NK cells","CTSW"
0,9.17889035160277,0.352,0.001,0,"CD16+ NK cells","CCL4L2"
0,13.0352008842081,0.5,0,0,"Alveolar macrophages","DDN"
0,12.2082846196943,0.909,0.002,0,"Alveolar macrophages","NPHS2"
0,11.1589852298401,0.42,0.001,0,"Alveolar macrophages","CHI3L1"
0,11.1393686824611,0.818,0.002,0,"Alveolar macrophages","PTPRQ"
0,11.109394370367,0.739,0,0,"Alveolar macrophages","AC092813.2"
0,10.9704501032427,0.42,0,0,"Alveolar macrophages","AC023154.1"
0,10.2527190161253,0.943,0.004,0,"Alveolar macrophages","NTNG1"
0,10.0124826897079,0.966,0.01,0,"Alveolar macrophages","PTPRO"
0,10.0065474084401,0.898,0.005,0,"Alveolar macrophages","PCOLCE2"
0,9.74239600657639,0.943,0.008,0,"Alveolar macrophages","NPHS1"
0,11.0174154262845,0.706,0.001,0,"Tem/Temra cytotoxic T cells","CD3D"
0,10.6266374534034,0.734,0.001,0,"Tem/Temra cytotoxic T cells","CD3G"
0,10.041581426788,0.477,0.001,0,"Tem/Temra cytotoxic T cells","THEMIS"
0,9.05855455399814,0.468,0.001,0,"Tem/Temra cytotoxic T cells","CD3E"
0,8.46167480036276,0.606,0.003,0,"Tem/Temra cytotoxic T cells","CD2"
0,8.25487534764849,0.312,0.001,0,"Tem/Temra cytotoxic T cells","CD8A"
0,8.11959229748726,0.349,0.001,0,"Tem/Temra cytotoxic T cells","LINC01871"
0,7.97810179378556,0.56,0.005,0,"Tem/Temra cytotoxic T cells","TRBC2"
0,7.62446148171242,0.596,0.005,0,"Tem/Temra cytotoxic T cells","GZMH"
0,7.41135047505465,0.284,0.002,0,"Tem/Temra cytotoxic T cells","GRAP2"
0,12.3223163246149,0.589,0,0,"Classical monocytes","S100A12"
0,10.4250993640141,0.918,0.006,0,"Classical monocytes","S100A8"
0,9.44211094193747,0.986,0.012,0,"Classical monocytes","S100A9"
0,8.41262676824124,1,0.017,0,"Classical monocytes","LYZ"
0,8.41084623007088,0.575,0.003,0,"Classical monocytes","CSF3R"
0,7.89735677469106,0.356,0.002,0,"Classical monocytes","AC020656.1"
0,7.88195172187027,0.452,0.004,0,"Classical monocytes","IL1B"
0,7.35040920400971,0.685,0.007,0,"Classical monocytes","CSTA"
0,7.29794514726553,0.425,0.004,0,"Classical monocytes","ASGR1"
0,7.15200821528728,0.288,0.002,0,"Classical monocytes","CD1D"
